desc: I1 cache:         32768 B, 64 B, 8-way associative
desc: D1 cache:         49152 B, 64 B, 12-way associative
desc: LL cache:         25165824 B, 64 B, 12-way associative
cmd: ./main_exe 2000 1 50 -O3
events: Ir I1mr ILmr Dr D1mr DLmr Dw D1mw DLmw 
fl=./csu/../csu/libc-start.c
fn=__libc_start_main@@GLIBC_2.34
128 2 1 1 2 1 0 0 0 0
134 3 0 0 1 1 0 0 0 0
135 7 0 0 3 1 0 2 0 0
138 1 0 0 1 1 0 0 0 0
139 2 0 0 0 0 0 0 0 0
142 3 1 1 2 1 0 0 0 0
143 2 0 0 2 0 0 0 0 0
144 16 3 1 3 0 0 1 0 0
145 8 0 0 2 2 0 4 0 0
242 12 1 1 0 0 0 6 0 0
343 3 0 0 0 0 0 0 0 0
344 3 0 0 0 0 0 1 0 0
369 6 1 1 2 0 0 1 0 0
372 2 0 0 0 0 0 0 0 0
375 2 0 0 2 0 0 0 0 0
382 2 0 0 1 1 0 1 0 0
384 2 0 0 0 0 0 0 0 0
392 4 0 0 0 0 0 1 0 0
fl=./csu/../sysdeps/nptl/libc_start_call_main.h
fn=(below main)
29 9 1 1 1 0 0 5 0 0
44 3 1 1 0 0 0 1 0 0
46 2 0 0 0 0 0 0 0 0
51 2 0 0 1 1 0 1 0 0
52 2 0 0 1 1 0 1 0 0
55 2 0 0 0 0 0 1 0 0
58 7 2 2 5 1 0 1 0 0
74 1 0 0 0 0 0 1 0 0
fl=./csu/./csu/errno-loc.c
fn=__errno_location
25 3 1 1 0 0 0 0 0 0
26 6 0 0 6 1 0 0 0 0
27 3 0 0 3 0 0 0 0 0
fl=./csu/./csu/init-first.c
fn=_init_first
46 4 1 1 0 0 0 1 0 0
51 2 1 1 1 0 0 0 0 0
55 5 0 0 4 2 0 0 0 0
61 1 0 0 0 0 0 1 1 0
62 1 0 0 0 0 0 1 0 0
63 2 0 0 1 1 0 1 1 1
71 2 0 0 0 0 0 0 0 0
72 2 0 0 1 0 0 0 0 0
fl=./ctype/./ctype/ctype-info.c
fn=__ctype_init
29 1 1 1 0 0 0 0 0 0
31 7 0 0 5 4 0 1 0 0
33 4 0 0 2 1 0 1 0 0
35 4 1 1 2 0 0 1 0 0
36 1 0 0 1 0 0 0 0 0
fl=./dirent/../sysdeps/unix/sysv/linux/closedir.c
fn=closedir
31 2 1 1 0 0 0 1 0 0
34 2 0 0 0 0 0 0 0 0
44 1 0 0 1 0 0 0 0 0
50 1 1 1 0 0 0 1 0 0
52 2 0 0 0 0 0 0 0 0
53 1 0 0 1 0 0 0 0 0
fl=./dirent/../sysdeps/unix/sysv/linux/getdents64.c
fn=__getdents
27 2 1 1 0 0 0 0 0 0
32 14 1 1 0 0 0 0 0 0
33 2 0 0 2 0 0 0 0 0
fl=./dirent/../sysdeps/unix/sysv/linux/opendir.c
fn=opendir
33 2 0 0 1 1 1 0 0 0
46 2 0 0 0 0 0 0 0 0
53 5 1 1 0 0 0 1 0 0
55 4 0 0 1 0 0 0 0 0
82 8 1 1 1 0 0 4 0 0
86 3 0 0 0 0 0 1 0 0
87 9 0 0 6 0 0 0 0 0
112 7 1 1 1 0 0 0 0 0
115 3 0 0 0 0 0 1 0 0
116 2 0 0 0 0 0 0 0 0
123 1 0 0 0 0 0 1 0 0
125 1 0 0 0 0 0 1 0 0
127 1 0 0 0 0 0 1 0 0
128 1 0 0 0 0 0 1 0 0
129 1 0 0 0 0 0 1 0 0
130 1 0 0 0 0 0 1 1 1
131 1 1 1 0 0 0 1 0 0
fl=./dirent/../sysdeps/unix/sysv/linux/readdir64.c
fn=readdir
32 272 1 1 0 0 0 170 0 0
34 68 0 0 68 0 0 0 0 0
37 170 0 0 34 0 0 0 0 0
44 170 0 0 68 0 0 0 0 0
51 78 1 1 4 0 0 2 0 0
52 4 1 1 0 0 0 0 0 0
57 1 0 0 0 0 0 0 0 0
62 1 0 0 0 0 0 1 0 0
63 2 0 0 0 0 0 0 0 0
66 4 0 0 0 0 0 1 0 0
72 33 0 0 0 0 0 0 0 0
74 33 0 0 33 15 15 0 0 0
76 66 0 0 0 0 0 33 0 0
78 66 0 0 33 0 0 33 0 0
81 66 0 0 33 0 0 0 0 0
84 136 0 0 68 0 0 0 0 0
88 238 0 0 204 0 0 0 0 0
fl=./elf/../bits/stdlib-bsearch.h
fn=intel_check_word.constprop.0
27 102 0 0 0 0 0 0 0 0
28 51 0 0 0 0 0 0 0 0
29 971 0 0 0 0 0 0 0 0
31 690 1 1 0 0 0 0 0 0
32 345 0 0 0 0 0 0 0 0
37 63 1 1 0 0 0 0 0 0
fl=./elf/../elf/dl-sysdep.c
fn=_dl_sysdep_start
85 10 1 1 0 0 0 6 0 0
86 1 0 0 0 0 0 0 0 0
87 1 0 0 0 0 0 0 0 0
109 1 0 0 0 0 0 1 0 0
110 111 1 1 35 6 6 4 3 3
113 2 0 0 0 0 0 1 1 1
114 1 0 0 0 0 0 1 0 0
119 1 1 1 0 0 0 1 1 1
121 140 4 4 33 1 1 10 1 1
122 119 1 1 17 3 3 0 0 0
125 1 0 0 1 0 0 0 0 0
126 1 0 0 0 0 0 0 0 0
128 1 0 0 1 1 1 0 0 0
131 2 1 1 1 1 1 1 0 0
132 1 0 0 0 0 0 1 0 0
134 2 1 1 1 0 0 1 0 0
135 1 0 0 0 0 0 1 0 0
150 2 1 1 1 1 1 1 0 0
151 1 0 0 0 0 0 1 0 0
153 2 0 0 1 1 1 1 0 0
154 1 0 0 0 0 0 0 0 0
156 2 1 1 1 0 0 1 0 0
157 1 0 0 0 0 0 0 0 0
162 2 1 1 1 0 0 1 0 0
163 1 0 0 0 0 0 0 0 0
178 2 1 1 1 0 0 1 0 0
179 1 0 0 0 0 0 0 0 0
224 1 0 0 0 0 0 1 0 0
227 1 0 0 0 0 0 1 0 0
238 3 0 0 1 0 0 0 0 0
239 2 1 1 0 0 0 2 0 0
241 5 0 0 0 0 0 1 0 0
253 3 0 0 1 0 0 0 0 0
256 5 0 0 1 0 0 1 0 0
258 9 1 1 8 2 0 0 0 0
fn=_dl_sysdep_start_cleanup
262 1 1 1 0 0 0 0 0 0
263 1 0 0 1 0 0 0 0 0
fl=./elf/../elf/dl-tls.c
fn=_dl_add_to_slotinfo
1015 24 1 1 0 0 0 12 0 0
1021 3 0 0 3 0 0 0 0 0
1024 3 0 0 3 2 0 0 0 0
1025 3 0 0 0 0 0 0 0 0
1029 9 1 1 3 2 0 0 0 0
1063 6 0 0 0 0 0 0 0 0
1066 9 0 0 0 0 0 3 1 0
1067 9 0 0 3 0 0 3 0 0
1070 18 0 0 15 0 0 0 0 0
fn=_dl_allocate_tls_init
528 10 2 2 0 0 0 8 0 0
529 2 0 0 0 0 0 0 0 0
533 2 0 0 1 1 0 1 0 0
535 1 0 0 0 0 0 1 0 0
536 1 0 0 0 0 0 0 0 0
539 2 0 0 1 1 0 1 0 0
542 3 0 0 2 1 0 0 0 0
554 1 1 1 1 0 0 0 0 0
559 28 1 1 5 0 0 0 0 0
565 8 1 1 0 0 0 0 0 0
568 9 0 0 3 1 0 0 0 0
569 6 0 0 0 0 0 0 0 0
575 9 0 0 6 0 0 0 0 0
576 6 0 0 0 0 0 0 0 0
578 21 1 1 9 3 0 3 1 1
581 6 0 0 0 0 0 0 0 0
582 6 0 0 3 1 0 0 0 0
585 6 0 0 0 0 0 0 0 0
586 12 1 1 6 1 0 0 0 0
588 6 0 0 0 0 0 0 0 0
589 6 0 0 3 0 0 0 0 0
598 3 0 0 0 0 0 3 0 0
606 6 0 0 3 0 0 0 0 0
608 24 0 0 3 0 0 6 0 0
614 3 0 0 3 0 0 0 0 0
620 2 0 0 1 1 0 1 0 0
623 2 1 1 1 0 0 1 0 0
626 9 0 0 8 0 0 0 0 0
fn=_dl_allocate_tls_storage
370 1 0 0 1 0 0 0 0 0
374 1 0 0 0 0 0 0 0 0
375 1 0 0 0 0 0 0 0 0
376 2 0 0 0 0 0 0 0 0
379 1 0 0 0 0 0 1 1 1
385 2 0 0 0 0 0 1 0 0
422 4 1 1 0 0 0 3 0 0
424 1 0 0 1 0 0 0 0 0
435 1 0 0 1 0 0 0 0 0
436 1 0 0 0 0 0 0 0 0
437 3 0 0 0 0 0 0 0 0
445 4 1 1 0 0 0 0 0 0
446 1 0 0 0 0 0 0 0 0
450 321 1 1 0 0 0 313 39 39
469 1 0 0 0 0 0 1 1 1
475 5 0 0 4 0 0 0 0 0
fn=_dl_assign_tls_modid
131 6 1 1 0 0 0 0 0 0
134 6 0 0 3 0 0 0 0 0
147 3 1 1 3 0 0 0 0 0
186 3 0 0 0 0 0 0 0 0
188 3 0 0 0 0 0 3 0 0
191 3 0 0 0 0 0 3 0 0
192 6 0 0 3 0 0 0 0 0
fn=_dl_count_modids
197 1 1 1 0 0 0 0 0 0
199 2 0 0 1 0 0 0 0 0
200 1 0 0 1 0 0 0 0 0
215 2 0 0 1 0 0 0 0 0
fn=_dl_determine_tlsoffset
221 8 2 2 0 0 0 6 0 0
222 1 0 0 0 0 0 0 0 0
223 1 0 0 0 0 0 0 0 0
224 1 0 0 0 0 0 0 0 0
227 3 0 0 1 0 0 0 0 0
230 2 0 0 1 0 0 0 0 0
264 1 0 0 0 0 0 0 0 0
266 22 0 0 4 1 1 0 0 0
268 9 2 2 4 0 0 1 0 0
270 9 0 0 3 1 0 0 0 0
271 6 0 0 3 0 0 0 0 0
273 6 1 1 0 0 0 0 0 0
275 15 0 0 3 0 0 0 0 0
286 3 0 0 0 0 0 3 0 0
291 24 0 0 0 0 0 0 0 0
293 6 0 0 0 0 0 0 0 0
294 3 0 0 0 0 0 0 0 0
297 3 0 0 0 0 0 0 0 0
306 1 0 0 0 0 0 1 0 0
307 9 1 1 1 0 0 1 0 0
309 2 0 0 0 0 0 0 0 0
360 8 1 1 7 0 0 0 0 0
fn=_dl_tls_static_surplus_init
83 3 0 0 0 0 0 0 0 0
97 6 1 1 0 0 0 3 0 0
101 6 1 1 1 0 0 1 0 0
102 6 0 0 1 0 0 1 0 0
108 2 0 0 0 0 0 0 0 0
110 4 0 0 0 0 0 0 0 0
113 1 0 0 0 0 0 0 0 0
115 1 0 0 0 0 0 1 0 0
117 3 0 0 0 0 0 1 1 0
118 5 0 0 4 0 0 0 0 0
fl=./elf/../include/list.h
fn=__tls_init_tp
43 2 1 1 1 1 0 1 0 0
44 2 0 0 0 0 0 1 0 0
45 1 0 0 0 0 0 1 0 0
47 1 0 0 0 0 0 1 0 0
fl=./elf/../include/rtld-malloc.h
fn=__minimal_calloc
56 19 0 0 19 0 0 0 0 0
fn=_dl_allocate_tls_storage
44 2 0 0 1 0 0 1 0 0
56 1 0 0 1 0 0 1 0 0
fn=_dl_check_map_versions
44 21 0 0 7 0 0 7 0 0
fn=_dl_find_object_init
56 2 0 0 1 0 0 1 0 0
fn=_dl_important_hwcaps
56 3 1 1 2 0 0 3 0 0
fn=_dl_init_paths
56 5 0 0 3 0 0 3 0 0
fn=_dl_map_object_deps
56 14 0 0 7 0 0 7 0 0
fn=_dl_new_object
44 28 1 1 7 0 0 14 0 0
56 18 0 0 6 0 0 6 0 0
fn=do_lookup_x
44 12 1 1 3 1 0 4 0 0
fn=fillin_rpath.isra.0
50 2 0 0 2 0 0 1 0 0
51 1 0 0 0 0 0 0 0 0
56 2 0 0 1 0 0 1 0 0
fn=init_tls
44 2 0 0 1 0 0 1 0 0
fn=open_verify.constprop.0
50 10 0 0 5 0 0 5 0 0
fn=open_verify.constprop.1
50 2 1 1 1 0 0 1 0 0
fl=./elf/../include/scratch_buffer.h
fn=_dl_map_object_deps
77 3 0 0 0 0 0 2 1 1
78 1 0 0 0 0 0 1 0 0
85 3 1 1 2 0 0 0 0 0
131 18 0 0 0 0 0 6 0 0
fl=./elf/../misc/sbrk.c
fn=sbrk
37 5 0 0 0 0 0 2 0 0
40 1 1 1 1 0 0 0 0 0
58 2 0 0 0 0 0 0 0 0
62 2 0 0 0 0 0 0 0 0
78 5 0 0 3 0 0 0 0 0
fl=./elf/../nptl/nptl-stack.h
fn=__libc_early_init
58 8 0 0 2 1 0 0 0 0
fl=./elf/../sysdeps/generic/dl-cache.h
fn=_dl_load_cache_lookup
125 25 1 1 5 0 0 0 0 0
194 1 0 0 1 0 0 0 0 0
195 5 0 0 0 0 0 0 0 0
fl=./elf/../sysdeps/generic/dl-debug.h
fn=dl_main
29 3 0 0 1 0 0 0 0 0
30 2 0 0 1 0 0 1 0 0
fl=./elf/../sysdeps/generic/dl-hash.h
fn=__rtld_malloc_init_real
43 1 0 0 0 0 0 0 0 0
44 1 0 0 0 0 0 0 0 0
45 19 2 2 6 1 1 0 0 0
48 18 0 0 0 0 0 0 0 0
62 24 0 0 0 0 0 0 0 0
67 1 0 0 0 0 0 0 0 0
72 1 0 0 0 0 0 1 0 0
fl=./elf/../sysdeps/generic/dl-protected.h
fn=do_lookup_x
29 4428 0 0 0 0 0 0 0 0
44 15624 0 0 0 0 0 4464 0 0
fl=./elf/../sysdeps/generic/ldsodefs.h
fn=_dl_relocate_object
138 10245 0 0 3415 0 0 0 0 0
fn=_dl_start
80 3 0 0 2 0 0 0 0 0
fn=do_lookup_x
137 4428 1 1 2214 0 0 0 0 0
138 6642 0 0 0 0 0 0 0 0
fl=./elf/../sysdeps/nptl/dl-mutex.c
fn=__rtld_mutex_init
30 4 1 1 0 0 0 3 0 0
37 1 0 0 1 0 0 0 0 0
40 7 1 1 0 0 0 1 0 0
44 2 0 0 0 0 0 0 0 0
45 9 0 0 3 0 0 1 0 0
47 6 1 1 0 0 0 1 0 0
51 2 0 0 0 0 0 0 0 0
52 7 0 0 3 0 0 1 0 0
53 4 0 0 4 0 0 0 0 0
fl=./elf/../sysdeps/nptl/dl-tls_init_tp.c
fn=__tls_init_tp
68 3 0 0 0 0 0 1 0 0
69 1 0 0 1 0 0 0 0 0
72 1 0 0 0 0 0 0 0 0
75 4 1 1 0 0 0 1 0 0
76 2 0 0 0 0 0 1 0 0
77 1 0 0 0 0 0 1 0 0
82 2 0 0 1 0 0 1 0 0
87 4 0 0 0 0 0 1 0 0
90 1 1 1 0 0 0 1 0 0
93 3 0 0 0 0 0 0 0 0
106 4 0 0 0 0 0 1 0 0
123 3 0 0 2 0 0 1 0 0
130 2 1 1 1 0 0 1 0 0
132 1 0 0 0 0 0 1 0 0
133 1 0 0 0 0 0 1 0 0
134 3 0 0 2 0 0 0 0 0
fn=__tls_pre_init_tp
53 3 1 1 0 0 0 0 0 0
56 10 1 1 0 0 0 3 1 1
61 2 0 0 0 0 0 1 0 0
62 1 0 0 0 0 0 1 0 0
64 1 0 0 1 0 0 0 0 0
fn=rtld_mutex_dummy
42 260 0 0 0 0 0 0 0 0
44 520 0 0 260 0 0 0 0 0
fl=./elf/../sysdeps/nptl/pthread_early_init.h
fn=__libc_early_init
33 6 0 0 0 0 0 1 0 0
34 6 0 0 1 0 0 0 0 0
45 2 1 1 2 0 0 0 0 0
46 1 0 0 0 0 0 0 0 0
52 7 1 1 0 0 0 1 0 0
53 1 0 0 0 0 0 1 0 0
54 1 0 0 0 0 0 1 1 1
57 1 0 0 0 0 0 1 0 0
fl=./elf/../sysdeps/posix/dl-fileid.h
fn=_dl_map_object_from_fd
37 30 1 1 6 0 0 6 0 0
40 24 1 1 18 0 0 6 0 0
49 96 1 1 46 1 1 0 0 0
fl=./elf/../sysdeps/unix/sysv/linux/brk.c
fn=brk
35 1 1 1 0 0 0 0 0 0
36 3 0 0 0 0 0 1 1 1
37 2 0 0 0 0 0 0 0 0
43 1 0 0 0 0 0 0 0 0
44 1 0 0 1 0 0 0 0 0
fl=./elf/../sysdeps/unix/sysv/linux/dl-osinfo.h
fn=dl_main
64 2 0 0 1 0 0 0 0 0
fl=./elf/../sysdeps/unix/sysv/linux/dl-sysdep.c
fn=_dl_discover_osversion
46 5 1 1 0 0 0 3 0 0
48 3 0 0 1 0 0 0 0 0
88 4 1 1 0 0 0 1 1 1
103 1 0 0 0 0 0 0 0 0
107 1 0 0 0 0 0 0 0 0
108 1 0 0 0 0 0 0 0 0
110 12 1 1 3 1 1 0 0 0
112 6 0 0 0 0 0 0 0 0
114 17 0 0 4 0 0 0 0 0
116 1 0 0 0 0 0 0 0 0
117 4 0 0 0 0 0 0 0 0
120 3 1 1 0 0 0 0 0 0
121 3 0 0 0 0 0 0 0 0
122 3 0 0 0 0 0 0 0 0
124 15 0 0 0 0 0 0 0 0
133 5 0 0 4 0 0 0 0 0
fn=_dl_sysdep_start
36 2 0 0 0 0 0 1 0 0
fl=./elf/../sysdeps/unix/sysv/linux/dl-vdso-setup.h
fn=dl_main
30 3 1 1 0 0 0 2 0 0
33 1 1 1 0 0 0 1 0 0
36 1 0 0 0 0 0 1 0 0
39 1 0 0 0 0 0 1 0 0
45 1 1 1 0 0 0 1 0 0
fl=./elf/../sysdeps/unix/sysv/linux/dl-vdso.h
fn=dl_main
40 1 1 1 1 0 0 0 0 0
41 2 0 0 0 0 0 0 0 0
55 2 0 0 0 0 0 0 0 0
fl=./elf/../sysdeps/unix/sysv/linux/rseq-internal.h
fn=__tls_init_tp
32 3 0 0 1 0 0 0 0 0
34 7 1 1 0 0 0 0 0 0
37 2 0 0 0 0 0 0 0 0
40 1 0 0 0 0 0 1 0 0
fl=./elf/../sysdeps/unix/sysv/linux/x86/cpu-features.c
fn=init_cpu_features.constprop.0
27 6 0 0 0 0 0 0 0 0
fl=./elf/../sysdeps/unix/sysv/linux/x86/dl-minsigstacksize.h
fn=get_common_indices.constprop.0
24 2 1 1 1 0 0 0 0 0
27 2 0 0 1 0 0 0 0 0
28 2 0 0 1 0 0 0 0 0
65 3 0 0 0 0 0 0 0 0
72 1 0 0 0 0 0 0 0 0
74 1 1 1 0 0 0 1 0 0
fl=./elf/../sysdeps/x86/cpu-features.c
fn=get_common_indices.constprop.0
325 1 1 1 0 0 0 1 0 0
329 4 0 0 0 0 0 0 0 0
332 5 1 1 0 0 0 3 0 0
336 1 0 0 0 0 0 1 0 0
337 4 0 0 0 0 0 1 0 0
338 4 0 0 0 0 0 1 0 0
339 4 0 0 0 0 0 1 0 0
340 3 0 0 0 0 0 1 0 0
341 2 0 0 1 0 0 0 0 0
348 2 1 1 1 0 0 0 0 0
350 9 0 0 0 0 0 4 1 1
355 8 0 0 0 0 0 4 1 1
362 2 1 1 1 0 0 0 0 0
363 7 1 1 0 0 0 4 1 1
369 2 0 0 1 0 0 0 0 0
384 2 0 0 2 0 0 0 0 0
fn=init_cpu_features.constprop.0
303 3 0 0 0 0 0 0 0 0
304 2 0 0 0 0 0 0 0 0
305 6 1 1 0 0 0 4 0 0
310 2 0 0 0 0 0 0 0 0
311 6 0 0 0 0 0 4 0 0
316 2 0 0 0 0 0 0 0 0
317 6 1 1 0 0 0 4 0 0
399 7 2 2 0 0 0 6 0 0
402 1 0 0 0 0 0 1 1 1
403 1 0 0 0 0 0 1 0 0
404 1 0 0 0 0 0 1 0 0
415 3 0 0 0 0 0 1 0 0
418 6 1 1 0 0 0 0 0 0
419 1 1 1 0 0 0 0 0 0
422 2 0 0 0 0 0 0 0 0
424 6 2 2 0 0 0 1 1 1
429 1 0 0 0 0 0 1 0 0
431 3 0 0 1 0 0 0 0 0
433 4 1 1 2 0 0 1 0 0
434 15 2 2 0 0 0 0 0 0
489 3 1 1 1 0 0 0 0 0
503 1 0 0 1 0 0 0 0 0
513 11 1 1 1 1 1 0 0 0
516 1 0 0 1 0 0 0 0 0
555 1 0 0 1 0 0 0 0 0
556 1 0 0 0 0 0 0 0 0
564 2 1 1 1 0 0 0 0 0
571 2 0 0 1 0 0 0 0 0
573 1 0 0 1 0 0 0 0 0
577 2 0 0 1 0 0 0 0 0
583 2 0 0 1 0 0 0 0 0
593 1 1 1 0 0 0 0 0 0
687 5 1 1 1 0 0 0 0 0
688 1 0 0 1 0 0 0 0 0
691 2 0 0 0 0 0 0 0 0
692 1 0 0 1 0 0 0 0 0
698 1 0 0 0 0 0 1 0 0
699 1 0 0 0 0 0 1 0 0
701 1 0 0 0 0 0 1 0 0
706 4 0 0 0 0 0 1 0 0
710 3 1 1 1 0 0 0 0 0
723 2 0 0 0 0 0 0 0 0
724 4 0 0 1 0 0 0 0 0
770 1 0 0 0 0 0 1 0 0
771 2 1 1 1 0 0 0 0 0
775 3 1 1 1 0 0 0 0 0
792 2 1 1 0 0 0 0 0 0
793 2 0 0 0 0 0 0 0 0
795 3 1 1 0 0 0 0 0 0
796 2 0 0 1 0 0 0 0 0
798 3 0 0 0 0 0 0 0 0
799 2 0 0 0 0 0 0 0 0
802 2 0 0 0 0 0 1 0 0
817 4 1 1 0 0 0 1 0 0
819 4 0 0 0 0 0 1 0 0
829 2 1 1 1 0 0 0 0 0
874 8 0 0 7 0 0 0 0 0
fn=update_active.constprop.0
43 7 1 1 0 0 0 6 1 1
47 1 0 0 1 0 0 0 0 0
55 3 0 0 1 0 0 0 0 0
56 3 0 0 0 0 0 0 0 0
57 1 0 0 1 0 0 0 0 0
65 4 1 1 1 0 0 1 0 0
66 1 0 0 1 0 0 0 0 0
74 4 1 1 1 0 0 1 0 0
75 1 0 0 1 0 0 0 0 0
76 3 0 0 0 0 0 1 0 0
80 4 0 0 0 0 0 1 0 0
83 3 0 0 1 0 0 0 0 0
84 1 0 0 1 0 0 0 0 0
87 3 0 0 1 0 0 0 0 0
88 2 0 0 1 0 0 1 1 1
92 8 1 1 1 0 0 2 0 0
93 3 0 0 2 0 0 0 0 0
94 3 1 1 2 0 0 0 0 0
95 1 0 0 1 0 0 0 0 0
97 4 0 0 1 0 0 1 0 0
98 3 1 1 2 1 1 0 0 0
100 2 0 0 0 0 0 0 0 0
101 4 0 0 0 0 0 1 0 0
104 4 0 0 0 0 0 1 0 0
105 4 1 1 0 0 0 1 0 0
109 2 0 0 0 0 0 0 0 0
113 2 0 0 0 0 0 0 0 0
115 4 0 0 0 0 0 0 0 0
119 2 1 1 0 0 0 0 0 0
121 1 0 0 0 0 0 0 0 0
124 2 1 1 0 0 0 0 0 0
126 2 0 0 0 0 0 1 0 0
130 1 0 0 0 0 0 0 0 0
131 1 0 0 1 1 1 0 0 0
134 4 0 0 0 0 0 1 0 0
140 4 0 0 0 0 0 1 0 0
142 4 1 1 2 0 0 1 0 0
144 3 0 0 0 0 0 1 0 0
149 4 0 0 0 0 0 0 0 0
198 3 0 0 0 0 0 0 0 0
210 2 0 0 0 0 0 1 0 0
211 1 0 0 1 0 0 0 0 0
214 4 1 1 1 0 0 1 0 0
218 2 0 0 1 0 0 0 0 0
222 3 1 1 0 0 0 0 0 0
223 2 0 0 0 0 0 0 0 0
225 1 0 0 0 0 0 0 0 0
226 1 0 0 0 0 0 0 0 0
229 2 0 0 0 0 0 1 0 0
231 1 0 0 0 0 0 1 0 0
234 2 0 0 0 0 0 0 0 0
285 3 0 0 1 0 0 0 0 0
289 3 0 0 1 0 0 0 0 0
296 1 0 0 0 0 0 1 0 0
297 8 0 0 7 0 0 0 0 0
fl=./elf/../sysdeps/x86/dl-cacheinfo.h
fn=get_common_cache_info.constprop.0
481 9 1 1 0 0 0 6 0 0
496 1 0 0 1 0 0 0 0 0
497 1 0 0 1 0 0 0 0 0
498 2 0 0 1 0 0 1 0 0
499 1 0 0 1 0 0 0 0 0
505 1 0 0 0 0 0 1 0 0
507 8 1 1 3 0 0 2 0 0
510 4 1 1 0 0 0 2 0 0
521 1 0 0 0 0 0 0 0 0
526 3 0 0 1 0 0 0 0 0
530 2 0 0 0 0 0 0 0 0
535 6 1 1 1 0 0 1 0 0
538 23 2 2 0 0 0 0 0 0
545 8 0 0 0 0 0 0 0 0
548 26 0 0 0 0 0 0 0 0
553 2 1 1 0 0 0 0 0 0
557 3 0 0 0 0 0 0 0 0
558 1 0 0 0 0 0 0 0 0
562 6 0 0 0 0 0 0 0 0
566 3 0 0 0 0 0 0 0 0
569 4 0 0 0 0 0 1 0 0
570 1 0 0 0 0 0 0 0 0
575 4 0 0 0 0 0 0 0 0
581 4 0 0 0 0 0 0 0 0
589 7 0 0 1 0 0 0 0 0
591 2 0 0 0 0 0 0 0 0
593 5 0 0 0 0 0 0 0 0
595 12 1 1 0 0 0 0 0 0
597 1 0 0 0 0 0 0 0 0
598 1 0 0 0 0 0 0 0 0
599 9 0 0 1 0 0 0 0 0
601 4 1 1 0 0 0 0 0 0
604 2 0 0 0 0 0 0 0 0
609 1 0 0 0 0 0 0 0 0
611 5 0 0 0 0 0 0 0 0
612 3 0 0 0 0 0 0 0 0
613 1 1 1 0 0 0 0 0 0
616 2 0 0 0 0 0 0 0 0
619 2 1 1 0 0 0 0 0 0
626 1 0 0 0 0 0 0 0 0
628 4 0 0 0 0 0 0 0 0
629 1 0 0 0 0 0 0 0 0
634 2 1 1 0 0 0 0 0 0
639 2 0 0 0 0 0 0 0 0
640 1 0 0 0 0 0 0 0 0
641 2 0 0 0 0 0 0 0 0
642 3 0 0 0 0 0 0 0 0
643 2 0 0 1 0 0 0 0 0
681 4 1 1 0 0 0 0 0 0
682 5 0 0 0 0 0 0 0 0
686 2 0 0 1 0 0 0 0 0
693 1 0 0 0 0 0 1 0 0
694 1 0 0 0 0 0 1 0 0
695 7 0 0 7 0 0 0 0 0
fn=handle_intel.constprop.0
250 96 0 0 0 0 0 72 0 0
255 24 1 1 12 0 0 0 0 0
261 24 0 0 0 0 0 12 1 1
263 12 0 0 0 0 0 12 0 0
264 36 1 1 0 0 0 12 0 0
266 15 0 0 1 0 0 0 0 0
272 60 0 0 0 0 0 12 0 0
277 24 0 0 0 0 0 0 0 0
279 24 0 0 0 0 0 12 0 0
280 12 0 0 0 0 0 0 0 0
284 48 1 1 0 0 0 12 0 0
286 24 0 0 0 0 0 0 0 0
289 60 0 0 0 0 0 12 0 0
291 24 0 0 0 0 0 0 0 0
294 5 0 0 0 0 0 1 0 0
296 2 0 0 0 0 0 0 0 0
299 5 0 0 1 0 0 1 0 0
301 2 0 0 0 0 0 0 0 0
305 3 0 0 0 0 0 0 0 0
310 96 1 1 84 0 0 0 0 0
fn=init_cpu_features.constprop.0
706 1 0 0 0 0 0 1 0 0
708 1 1 1 0 0 0 1 0 0
722 2 0 0 0 0 0 0 0 0
724 5 1 1 0 0 0 3 1 1
725 3 0 0 0 0 0 1 0 0
726 4 1 1 0 0 0 2 0 0
729 3 0 0 0 0 0 2 0 0
731 3 0 0 0 0 0 2 0 0
732 1 0 0 0 0 0 1 0 0
734 3 0 0 0 0 0 2 0 0
736 3 0 0 0 0 0 2 0 0
737 1 0 0 0 0 0 1 0 0
739 3 1 1 0 0 0 2 0 0
741 3 0 0 0 0 0 2 0 0
744 3 0 0 0 0 0 2 0 0
746 3 0 0 0 0 0 1 0 0
748 3 1 1 0 0 0 2 0 0
750 4 0 0 0 0 0 1 0 0
840 18 3 3 10 0 0 6 2 2
863 15 1 1 2 0 0 1 0 0
885 2 0 0 1 0 0 0 0 0
886 1 0 0 1 0 0 0 0 0
893 11 2 2 0 0 0 0 0 0
910 4 1 1 1 0 0 0 0 0
923 4 0 0 1 0 0 1 0 0
931 5 0 0 1 0 0 1 0 0
933 2 1 1 0 0 0 0 0 0
936 5 0 0 1 0 0 1 0 0
938 4 0 0 1 0 0 1 0 0
941 5 1 1 1 0 0 1 0 0
942 5 0 0 0 0 0 1 0 0
946 6 1 1 1 0 0 2 0 0
947 3 0 0 1 0 0 0 0 0
953 8 0 0 3 0 0 2 0 0
956 15 2 2 1 0 0 6 0 0
957 9 1 1 1 0 0 4 0 0
958 12 1 1 1 0 0 5 0 0
961 8 0 0 0 0 0 4 0 0
963 8 1 1 0 0 0 4 0 0
967 7 1 1 4 0 0 3 0 0
970 1 0 0 0 0 0 0 0 0
fn=intel_check_word.constprop.0
110 690 0 0 345 8 8 0 0 0
113 345 0 0 0 0 0 0 0 0
119 104 0 0 0 0 0 78 0 0
123 78 1 1 0 0 0 0 0 0
125 15 0 0 0 0 0 0 0 0
129 156 0 0 0 0 0 0 0 0
131 154 1 1 0 0 0 0 0 0
133 63 1 1 0 0 0 0 0 0
135 126 0 0 0 0 0 0 0 0
143 126 0 0 0 0 0 0 0 0
152 54 1 1 0 0 0 0 0 0
155 120 2 2 0 0 0 0 0 0
158 99 0 0 0 0 0 0 0 0
162 64 0 0 0 0 0 0 0 0
164 186 0 0 0 0 0 0 0 0
166 84 0 0 0 0 0 0 0 0
168 44 0 0 0 0 0 0 0 0
169 32 0 0 0 0 0 0 0 0
170 10 0 0 0 0 0 0 0 0
172 11 1 1 0 0 0 0 0 0
174 22 0 0 0 0 0 0 0 0
176 12 1 1 0 0 0 0 0 0
177 16 0 0 0 0 0 0 0 0
178 12 1 1 0 0 0 0 0 0
179 20 0 0 0 0 0 0 0 0
180 14 0 0 0 0 0 0 0 0
181 12 1 1 0 0 0 0 0 0
183 8 0 0 0 0 0 0 0 0
184 12 0 0 0 0 0 0 0 0
187 21 0 0 0 0 0 0 0 0
194 204 0 0 0 0 0 0 0 0
202 200 0 0 50 0 0 0 0 0
216 51 0 0 0 0 0 0 0 0
246 104 0 0 104 0 0 0 0 0
fl=./elf/../sysdeps/x86/dl-cet.c
fn=_dl_cet_check
41 2 0 0 0 0 0 0 0 0
42 1 0 0 1 1 1 0 0 0
44 1 0 0 0 0 0 0 0 0
45 1 0 0 0 0 0 0 0 0
48 4 1 1 0 0 0 0 0 0
49 2 0 0 0 0 0 0 0 0
51 1 0 0 1 0 0 0 0 0
62 2 0 0 0 0 0 0 0 0
252 8 1 1 0 0 0 6 0 0
254 8 1 1 7 0 0 0 0 0
fl=./elf/../sysdeps/x86/dl-get-cpu-features.c
fn=__x86_cpu_features
39 3 0 0 1 1 0 0 0 0
71 3 1 0 1 0 0 0 0 0
fn=_dl_x86_init_cpu_features
37 1 1 1 0 0 0 0 0 0
39 3 0 0 1 0 0 0 0 0
41 1 1 1 0 0 0 0 0 0
fl=./elf/../sysdeps/x86/dl-hwcap.h
fn=_dl_important_hwcaps
57 3 0 0 0 0 0 0 0 0
fl=./elf/../sysdeps/x86/dl-procinfo.h
fn=_dl_load_cache_lookup
39 10 1 1 0 0 0 0 0 0
42 35 0 0 0 0 0 15 0 0
fl=./elf/../sysdeps/x86/dl-prop.h
fn=_dl_map_object_from_fd
95 48 0 0 24 0 0 0 0 0
100 6 0 0 0 0 0 0 0 0
101 12 0 0 0 0 0 6 0 0
102 6 1 1 0 0 0 6 0 0
103 6 0 0 0 0 0 0 0 0
105 42 0 0 0 0 0 0 0 0
108 18 1 1 6 0 0 0 0 0
109 12 0 0 6 0 0 0 0 0
110 12 0 0 6 0 0 0 0 0
114 18 0 0 6 0 0 0 0 0
118 18 0 0 0 0 0 6 0 0
121 18 1 1 6 0 0 0 0 0
122 12 0 0 0 0 0 0 0 0
126 6 0 0 0 0 0 0 0 0
127 24 0 0 0 0 0 6 0 0
131 20 1 1 8 0 0 0 0 0
132 8 0 0 8 0 0 0 0 0
135 16 0 0 0 0 0 0 0 0
138 8 0 0 0 0 0 0 0 0
139 32 0 0 0 0 0 0 0 0
144 16 1 1 0 0 0 0 0 0
146 32 0 0 0 0 0 0 0 0
151 16 0 0 0 0 0 0 0 0
164 16 0 0 0 0 0 0 0 0
165 20 0 0 8 3 3 6 0 0
166 4 0 0 0 0 0 0 0 0
170 6 0 0 2 0 0 2 0 0
185 18 0 0 0 0 0 0 0 0
187 24 0 0 0 0 0 0 0 0
192 6 0 0 0 0 0 0 0 0
193 24 0 0 0 0 0 0 0 0
198 24 0 0 6 0 0 0 0 0
200 24 0 0 6 0 0 6 0 0
201 6 0 0 0 0 0 6 0 0
203 6 0 0 0 0 0 6 0 0
212 18 0 0 12 0 0 0 0 0
213 6 0 0 6 0 0 0 0 0
fn=dl_main
36 1 1 1 1 0 0 0 0 0
37 27 1 1 0 0 0 0 0 0
40 9 0 0 9 0 0 0 0 0
49 54 0 0 15 0 0 0 0 0
53 45 0 0 8 1 0 0 0 0
71 3 0 0 0 0 0 1 0 0
95 8 0 0 4 0 0 0 0 0
100 1 1 1 0 0 0 0 0 0
101 2 0 0 0 0 0 1 0 0
102 1 0 0 0 0 0 1 0 0
103 1 0 0 0 0 0 0 0 0
105 9 0 0 0 0 0 1 0 0
108 3 1 1 1 0 0 0 0 0
109 2 0 0 1 0 0 0 0 0
110 2 0 0 1 0 0 0 0 0
114 3 0 0 1 0 0 0 0 0
118 3 0 0 0 0 0 1 0 0
121 3 1 1 1 0 0 0 0 0
122 2 0 0 0 0 0 0 0 0
126 1 0 0 0 0 0 0 0 0
127 4 0 0 0 0 0 1 0 0
131 6 1 1 2 0 0 0 0 0
132 2 0 0 2 0 0 0 0 0
135 4 0 0 0 0 0 0 0 0
138 2 0 0 0 0 0 0 0 0
139 8 0 0 0 0 0 0 0 0
144 4 1 1 0 0 0 0 0 0
146 8 0 0 0 0 0 0 0 0
151 4 0 0 0 0 0 0 0 0
164 4 0 0 0 0 0 0 0 0
165 4 0 0 2 0 0 1 0 0
166 2 0 0 0 0 0 0 0 0
170 3 1 1 1 0 0 1 0 0
185 3 0 0 0 0 0 0 0 0
187 4 0 0 0 0 0 0 0 0
192 1 0 0 0 0 0 0 0 0
193 4 0 0 0 0 0 0 0 0
198 4 1 1 1 0 0 0 0 0
200 4 0 0 1 0 0 1 0 0
201 1 0 0 0 0 0 1 0 0
203 2 0 0 0 0 0 1 0 0
212 5 0 0 4 0 0 0 0 0
213 2 0 0 2 0 0 0 0 0
fl=./elf/../sysdeps/x86/get-isa-level.h
fn=_dl_hwcaps_subdirs_active
30 2 0 0 0 0 0 0 0 0
31 3 1 1 1 0 0 0 0 0
32 3 0 0 1 0 0 0 0 0
36 3 0 0 0 0 0 0 0 0
39 4 0 0 1 0 0 0 0 0
40 4 1 1 1 0 0 0 0 0
45 4 0 0 0 0 0 0 0 0
48 2 0 0 0 0 0 0 0 0
49 3 0 0 1 0 0 0 0 0
51 4 1 1 0 0 0 0 0 0
52 2 0 0 0 0 0 0 0 0
53 2 0 0 0 0 0 0 0 0
56 2 0 0 0 0 0 0 0 0
59 2 0 0 0 0 0 0 0 0
fn=update_active.constprop.0
28 1 0 0 0 0 0 0 0 0
30 2 0 0 0 0 0 0 0 0
31 2 1 1 0 0 0 0 0 0
32 3 0 0 0 0 0 0 0 0
36 3 0 0 0 0 0 0 0 0
38 1 0 0 0 0 0 0 0 0
39 3 1 1 1 0 0 0 0 0
40 4 0 0 1 0 0 0 0 0
45 4 1 1 0 0 0 0 0 0
47 1 0 0 0 0 0 0 0 0
48 2 0 0 0 0 0 0 0 0
49 3 0 0 1 0 0 0 0 0
51 4 1 1 0 0 0 0 0 0
52 2 0 0 0 0 0 0 0 0
53 2 0 0 0 0 0 0 0 0
55 1 0 0 0 0 0 0 0 0
56 2 0 0 0 0 0 0 0 0
59 2 0 0 0 0 0 0 0 0
fl=./elf/../sysdeps/x86_64/dl-hwcaps-subdirs.c
fn=_dl_hwcaps_subdirs_active
29 1 1 1 0 0 0 0 0 0
38 3 0 0 0 0 0 0 0 0
43 1 0 0 0 0 0 0 0 0
48 1 0 0 0 0 0 0 0 0
52 1 0 0 1 0 0 0 0 0
fl=./elf/../sysdeps/x86_64/dl-irel.h
fn=_dl_fixup
32 3 2 2 0 0 0 3 0 0
fl=./elf/../sysdeps/x86_64/dl-machine.h
fn=_dl_fixup
229 101 0 0 0 0 0 101 0 0
fn=_dl_relocate_object
71 28 0 0 7 0 0 0 0 0
77 20 0 0 15 2 0 0 0 0
81 15 0 0 5 5 5 0 0 0
87 5 0 0 0 0 0 5 0 0
95 15 1 1 5 0 0 0 0 0
115 10 0 0 5 0 0 0 0 0
117 10 0 0 0 0 0 5 0 0
119 25 0 0 5 1 0 0 0 0
262 6870 0 0 0 0 0 0 0 0
283 6870 0 0 0 0 0 0 0 0
287 6870 0 0 0 0 0 0 0 0
294 142956 11 11 33631 1758 1345 16179 4 0
296 27346 4 4 10257 4 0 0 0 0
299 13652 1 1 3397 0 0 0 0 0
300 4 0 0 0 0 0 0 0 0
301 15 0 0 3 0 0 0 0 0
304 6 0 0 0 0 0 0 0 0
305 9 1 1 3 0 0 0 0 0
316 8 1 1 0 0 0 6 0 0
323 12 0 0 6 0 0 3 0 0
326 20610 0 0 3435 5 3 0 0 0
360 6 1 1 0 0 0 0 0 0
361 9 0 0 6 2 0 3 1 1
368 6 0 0 2 0 0 0 0 0
370 4 0 0 4 1 1 0 0 0
379 4 0 0 2 0 0 2 1 0
422 63 1 1 21 0 0 0 0 0
426 84 0 0 21 1 0 0 0 0
431 63 0 0 42 3 3 0 0 0
440 42 0 0 21 0 0 21 8 8
450 10218 2 2 6810 426 425 3408 1108 434
474 32 0 0 0 0 0 8 0 0
484 21 0 0 0 0 0 7 0 0
490 3 1 1 1 0 0 0 0 0
494 4 1 1 1 0 0 2 0 0
495 4 0 0 2 0 0 0 0 0
496 4 0 0 3 0 0 0 0 0
497 1 0 0 0 0 0 0 0 0
507 4 0 0 4 0 0 0 0 0
508 6 1 1 2 0 0 0 0 0
509 2 0 0 0 0 0 2 0 0
510 4 0 0 2 0 0 2 0 0
529 6429 0 0 2143 268 268 0 0 0
530 2143 1 1 0 0 0 2143 486 476
534 4286 0 0 0 0 0 0 0 0
535 4286 0 0 2143 267 267 0 0 0
545 2554 0 0 1277 0 0 0 0 0
549 2440 0 0 0 0 0 0 0 0
552 3660 0 0 1220 0 0 0 0 0
553 1220 0 0 1220 157 155 0 0 0
579 114 0 0 114 0 0 0 0 0
581 57 0 0 0 0 0 57 0 0
582 57 0 0 0 0 0 57 1 1
fn=_dl_start
45 1 0 0 0 0 0 0 0 0
71 1 0 0 1 0 0 0 0 0
287 21 0 0 0 0 0 0 0 0
296 70 1 1 28 7 7 0 0 0
299 14 0 0 0 0 0 0 0 0
326 47 2 2 0 0 0 0 0 0
346 12 1 1 6 1 1 6 2 2
347 6 0 0 0 0 0 0 0 0
414 1 1 1 0 0 0 0 0 0
534 284 0 0 142 18 18 0 0 0
535 426 0 0 142 18 18 142 20 20
fn=_dl_sysdep_start
215 1 0 0 0 0 0 1 0 0
fl=./elf/../sysdeps/x86_64/dl-runtime.h
fn=_dl_fixup
28 101 0 0 0 0 0 0 0 0
fl=./elf/../sysdeps/x86_64/dl-trampoline.h
fn=_dl_runtime_resolve_xsave
67 101 1 1 0 0 0 0 0 0
72 101 0 0 0 0 0 101 0 0
75 101 0 0 0 0 0 0 0 0
77 101 0 0 0 0 0 0 0 0
87 101 0 0 101 3 3 0 0 0
93 101 0 0 0 0 0 101 4 4
94 101 0 0 0 0 0 101 0 0
95 101 1 1 0 0 0 101 0 0
96 101 0 0 0 0 0 101 0 0
97 101 0 0 0 0 0 101 0 0
98 101 0 0 0 0 0 101 0 0
99 101 0 0 0 0 0 101 0 0
103 101 0 0 0 0 0 0 0 0
104 101 0 0 0 0 0 0 0 0
107 101 0 0 0 0 0 101 3 2
108 101 0 0 0 0 0 101 0 0
110 101 0 0 0 0 0 101 0 0
111 101 0 0 0 0 0 101 0 0
112 101 1 1 0 0 0 101 0 0
113 101 0 0 0 0 0 101 0 0
114 101 0 0 0 0 0 101 0 0
115 101 0 0 0 0 0 101 0 0
117 101 0 0 101 0 0 3333 28 22
124 101 0 0 101 0 0 0 0 0
125 101 0 0 101 0 0 0 0 0
126 101 0 0 0 0 0 101 3 2
127 101 0 0 0 0 0 0 0 0
132 101 0 0 0 0 0 0 0 0
133 101 0 0 0 0 0 0 0 0
134 101 0 0 3636 0 0 0 0 0
136 101 1 1 101 0 0 0 0 0
137 101 0 0 101 0 0 0 0 0
138 101 0 0 101 0 0 0 0 0
139 101 0 0 101 0 0 0 0 0
140 101 0 0 101 0 0 0 0 0
141 101 0 0 101 0 0 0 0 0
142 101 0 0 101 0 0 0 0 0
144 101 0 0 0 0 0 0 0 0
146 101 0 0 101 0 0 0 0 0
150 101 0 0 0 0 0 0 0 0
152 101 0 0 0 0 0 0 0 0
fl=./elf/../sysdeps/x86_64/tls_get_addr.S
fn=__tls_get_addr
29 2 1 1 0 0 0 0 0 0
30 2 0 0 2 0 0 0 0 0
31 2 0 0 2 1 1 0 0 0
33 2 0 0 2 1 1 0 0 0
34 2 0 0 0 0 0 0 0 0
35 2 0 0 2 1 1 0 0 0
38 2 0 0 0 0 0 0 0 0
39 2 0 0 2 0 0 0 0 0
43 2 0 0 0 0 0 0 0 0
44 2 0 0 0 0 0 0 0 0
45 2 0 0 2 0 0 0 0 0
46 2 0 0 2 0 0 0 0 0
fl=./elf/./dl-find_object.h
fn=_dl_find_object_from_map
95 16 1 1 8 4 0 8 2 1
96 16 1 1 8 1 0 8 0 0
97 8 0 0 0 0 0 8 3 3
103 40 0 0 16 7 0 0 0 0
104 229 0 0 0 0 0 0 0 0
105 158 1 1 79 67 8 0 0 0
107 24 0 0 16 3 0 8 0 0
112 8 0 0 8 0 0 0 0 0
fl=./elf/./dl-hwcaps.h
fn=_dl_important_hwcaps
54 12 2 2 3 0 0 6 0 0
56 8 0 0 2 0 0 6 0 0
57 1 0 0 0 0 0 0 0 0
88 9 1 1 4 0 0 5 0 0
89 8 0 0 3 0 0 5 0 0
90 6 0 0 0 0 0 0 0 0
fl=./elf/./dl-load.h
fn=_dl_map_object_from_fd
91 48 0 0 0 0 0 0 0 0
92 18 0 0 12 0 0 6 0 0
94 48 1 1 24 2 2 0 0 0
95 25 1 1 15 0 0 0 0 0
96 30 0 0 10 0 0 0 0 0
97 20 1 1 5 0 0 0 0 0
99 20 0 0 0 0 0 5 0 0
fl=./elf/./dl-main.h
fn=dl_main
109 5 1 1 4 0 0 1 0 0
fl=./elf/./dl-map-segments.h
fn=_dl_map_object_from_fd
28 18 0 0 12 0 0 0 0 0
29 54 1 1 24 0 0 12 1 1
96 12 0 0 6 0 0 0 0 0
102 6 0 0 0 0 0 6 0 0
103 18 0 0 6 0 0 0 0 0
106 18 1 1 6 0 0 6 0 0
107 12 0 0 0 0 0 6 0 0
109 12 0 0 6 0 0 0 0 0
116 16 0 0 6 0 0 2 0 0
119 14 0 0 2 0 0 2 0 0
126 6 1 1 6 0 0 0 0 0
128 6 0 0 0 0 0 0 0 0
136 120 0 0 0 0 0 0 0 0
138 72 0 0 36 0 0 0 0 0
140 198 1 1 72 0 0 36 0 0
141 18 0 0 18 0 0 0 0 0
150 96 0 0 48 0 0 0 0 0
156 6 0 0 6 0 0 0 0 0
157 6 0 0 6 0 0 0 0 0
158 30 0 0 6 0 0 0 0 0
159 12 0 0 0 0 0 0 0 0
166 12 1 1 0 0 0 0 0 0
169 12 0 0 0 0 0 0 0 0
177 42 0 0 0 0 0 18 0 0
178 12 0 0 12 0 0 0 0 0
183 12 0 0 0 0 0 0 0 0
187 16 1 1 0 0 0 2 0 0
190 4 0 0 0 0 0 0 0 0
195 24 1 1 0 0 0 0 0 0
fl=./elf/./dl-sym-post.h
fn=lookup_malloc_symbol
41 8 0 0 0 0 0 0 0 0
53 12 0 0 4 0 0 0 0 0
fl=./elf/./dl-tunable-types.h
fn=__GI___tunable_set_val
90 10 0 0 0 0 0 0 0 0
fl=./elf/./elf/dl-audit.c
fn=_dl_audit_activity_map
28 6 1 1 0 0 0 4 0 0
29 1 0 0 1 0 0 0 0 0
30 3 1 1 1 0 0 0 0 0
36 6 1 1 5 0 0 0 0 0
fn=_dl_audit_activity_nsid
40 18 2 2 0 0 0 12 0 0
44 12 0 0 3 0 0 0 0 0
45 3 0 0 3 1 1 0 0 0
46 12 2 2 0 0 0 0 0 0
50 18 0 0 15 0 0 0 0 0
fn=_dl_audit_objclose
96 8 1 1 0 0 0 0 0 0
97 32 0 0 16 0 0 0 0 0
fn=_dl_audit_objopen
76 6 1 1 0 0 0 0 0 0
77 24 0 0 12 0 0 0 0 0
fn=_dl_audit_preinit
117 1 1 1 0 0 0 0 0 0
118 4 0 0 2 1 0 0 0 0
fl=./elf/./elf/dl-cache.c
fn=_dl_cache_libcmp
370 135 1 1 0 0 0 0 0 0
371 543 1 1 45 0 0 0 0 0
373 729 0 0 0 0 0 0 0 0
375 255 1 1 0 0 0 0 0 0
381 18 0 0 0 0 0 0 0 0
382 18 0 0 0 0 0 0 0 0
383 222 0 0 204 0 0 0 0 0
385 222 0 0 204 0 0 0 0 0
387 12 0 0 0 0 0 0 0 0
393 474 0 0 0 0 0 0 0 0
395 474 0 0 0 0 0 0 0 0
396 117 1 1 39 0 0 0 0 0
399 198 0 0 0 0 0 0 0 0
400 198 0 0 0 0 0 0 0 0
403 63 0 0 51 31 31 0 0 0
fn=_dl_load_cache_lookup
194 78 0 0 0 0 0 0 0 0
208 5 0 0 5 0 0 0 0 0
212 40 2 2 5 0 0 15 0 0
218 60 1 1 20 0 0 20 0 0
219 10 0 0 0 0 0 0 0 0
221 25 0 0 0 0 0 0 0 0
228 98 1 1 18 0 0 10 0 0
230 142 0 0 44 0 0 0 0 0
231 78 0 0 39 25 25 0 0 0
235 78 0 0 39 0 0 0 0 0
239 117 1 1 0 0 0 39 0 0
240 78 0 0 0 0 0 0 0 0
248 22 1 1 0 0 0 0 0 0
250 12 0 0 6 2 2 0 0 0
253 12 0 0 0 0 0 0 0 0
255 36 0 0 0 0 0 6 0 0
257 6 0 0 0 0 0 0 0 0
267 10 0 0 0 0 0 0 0 0
277 10 1 1 5 0 0 0 0 0
278 15 0 0 5 0 0 0 0 0
294 10 0 0 0 0 0 0 0 0
303 10 0 0 5 0 0 0 0 0
306 10 0 0 5 0 0 0 0 0
308 15 0 0 5 0 0 0 0 0
309 10 0 0 5 0 0 0 0 0
314 30 1 1 5 0 0 5 0 0
315 20 0 0 5 0 0 0 0 0
322 10 0 0 0 0 0 0 0 0
343 20 0 0 5 0 0 5 0 0
359 34 0 0 0 0 0 0 0 0
360 18 0 0 0 0 0 0 0 0
362 32 0 0 0 0 0 16 0 0
416 50 1 1 0 0 0 30 0 0
418 10 0 0 5 0 0 0 0 0
421 15 1 1 5 0 0 0 0 0
424 5 1 1 0 0 0 1 0 0
432 5 1 1 1 0 0 0 0 0
433 8 0 0 3 1 1 0 0 0
436 7 1 1 0 0 0 0 0 0
437 1 0 0 1 0 0 0 0 0
444 1 1 1 0 0 0 1 0 0
445 2 0 0 0 0 0 1 0 0
490 12 0 0 4 0 0 0 0 0
495 15 0 0 5 0 0 0 0 0
498 15 0 0 5 0 0 5 1 1
513 10 0 0 5 0 0 0 0 0
525 90 2 2 10 0 0 5 0 0
526 20 0 0 5 0 0 5 0 0
527 5 0 0 0 0 0 5 0 0
528 40 0 0 35 0 0 0 0 0
fn=_dl_unload_cache
537 2 1 1 0 0 0 0 0 0
538 4 0 0 1 1 0 0 0 0
540 2 0 0 1 1 0 1 0 0
541 1 1 1 0 0 0 1 0 0
545 1 0 0 0 0 0 1 0 0
547 2 0 0 1 0 0 0 0 0
fl=./elf/./elf/dl-call-libc-early-init.c
fn=_dl_call_libc_early_init
27 4 1 1 0 0 0 2 0 0
29 2 0 0 0 0 0 0 0 0
33 7 1 1 0 0 0 1 0 0
37 2 0 0 0 0 0 0 0 0
39 4 0 0 3 0 0 0 0 0
40 2 0 0 0 0 0 0 0 0
41 3 0 0 2 0 0 0 0 0
fl=./elf/./elf/dl-debug.c
fn=_dl_debug_initialize
56 1 1 1 0 0 0 0 0 0
57 1 0 0 0 0 0 0 0 0
59 2 0 0 0 0 0 0 0 0
61 1 0 0 0 0 0 0 0 0
63 3 0 0 1 1 1 0 0 0
64 2 1 1 0 0 0 1 0 0
85 2 1 1 1 0 0 0 0 0
90 3 0 0 1 0 0 1 0 0
91 2 0 0 0 0 0 1 0 0
92 1 0 0 0 0 0 1 0 0
95 2 0 0 1 0 0 0 0 0
96 6 1 1 1 0 0 1 0 0
99 2 0 0 0 0 0 0 0 0
107 2 1 1 1 0 0 0 0 0
fn=_dl_debug_state
116 2 1 1 0 0 0 0 0 0
117 2 0 0 2 0 0 0 0 0
fn=_dl_debug_update
38 7 1 0 0 0 0 0 0 0
40 14 0 0 0 0 0 0 0 0
41 7 0 0 0 0 0 0 0 0
44 14 0 0 7 1 0 0 0 0
48 7 0 0 7 0 0 0 0 0
fl=./elf/./elf/dl-deps.c
fn=_dl_map_object_deps
144 6 1 1 0 0 0 3 1 1
145 8 0 0 0 0 0 2 0 0
146 5 1 1 0 0 0 0 0 0
148 3 0 0 0 0 0 1 0 0
152 8 0 0 2 0 0 2 0 0
159 15 2 2 0 0 0 7 1 1
160 22 2 2 1 1 1 2 0 0
176 7 0 0 0 0 0 0 0 0
177 1 0 0 1 0 0 0 0 0
180 1 0 0 0 0 0 1 0 0
198 2 0 0 1 0 0 1 0 0
199 3 0 0 1 0 0 1 0 0
200 2 1 1 0 0 0 2 0 0
202 1 0 0 0 0 0 0 0 0
204 22 1 1 15 0 0 0 0 0
206 8 0 0 0 0 0 0 0 0
209 8 0 0 0 0 0 8 0 0
213 32 0 0 8 1 0 8 1 1
214 53 2 2 23 1 1 0 0 0
217 18 0 0 0 0 0 0 0 0
221 18 1 1 6 0 0 6 0 0
224 24 1 1 12 0 0 0 0 0
226 30 2 2 18 0 0 6 0 0
231 12 0 0 6 0 0 6 0 0
232 6 0 0 0 0 0 6 0 0
233 12 1 1 6 0 0 6 0 0
237 692 0 0 182 0 0 6 0 0
238 334 0 0 0 0 0 0 0 0
244 117 2 2 26 0 0 13 0 0
246 13 0 0 0 0 0 13 0 0
248 52 1 1 0 0 0 13 0 0
249 26 1 1 13 0 0 0 0 0
258 13 0 0 13 0 0 0 0 0
260 26 0 0 13 0 0 0 0 0
265 42 1 1 6 0 0 0 0 0
268 6 0 0 0 0 0 6 0 0
269 6 0 0 0 0 0 6 0 0
270 6 0 0 0 0 0 6 0 0
271 12 0 0 6 0 0 6 0 0
273 6 0 0 6 0 0 0 0 0
275 30 1 1 6 0 0 12 0 0
279 39 0 0 13 0 0 0 0 0
280 27 0 0 0 0 0 9 0 0
282 453 1 1 0 0 0 0 0 0
298 1 0 0 0 0 0 1 0 0
380 14 1 1 0 0 0 7 0 0
433 24 0 0 8 0 0 0 0 0
435 18 0 0 0 0 0 6 1 1
438 12 1 1 0 0 0 0 0 0
439 12 0 0 0 0 0 0 0 0
445 6 0 0 0 0 0 6 2 2
446 30 0 0 6 0 0 6 0 0
447 30 0 0 0 0 0 6 0 0
450 6 0 0 0 0 0 6 0 0
451 6 0 0 6 0 0 0 0 0
455 32 1 1 16 0 0 0 0 0
457 8 0 0 8 0 0 0 0 0
458 37 0 0 7 0 0 0 0 0
464 6 1 1 2 0 0 0 0 0
465 1 0 0 0 0 0 1 0 0
468 4 0 0 1 0 0 1 0 0
479 3 1 1 1 0 0 0 0 0
481 2 0 0 0 0 0 0 0 0
486 5 0 0 2 0 0 1 0 0
487 1 0 0 0 0 0 1 0 0
488 10 0 0 1 0 0 0 0 0
490 30 1 1 8 0 0 1 0 0
494 8 0 0 8 0 0 0 0 0
499 16 1 1 0 0 0 0 0 0
501 17 0 0 0 0 0 8 2 2
506 8 0 0 8 0 0 0 0 0
509 2 0 0 1 0 0 0 0 0
560 2 1 1 0 0 0 0 0 0
561 3 1 1 1 0 0 0 0 0
598 3 1 1 1 0 0 0 0 0
599 2 0 0 0 0 0 0 0 0
602 1 0 0 1 0 0 0 0 0
613 5 0 0 0 0 0 1 0 0
618 8 1 1 1 0 0 1 0 0
619 4 1 1 2 0 0 0 0 0
623 1 0 0 0 0 0 1 0 0
625 1 0 0 0 0 0 1 0 0
626 1 0 0 1 0 0 0 0 0
627 2 0 0 0 0 0 0 0 0
634 3 0 0 1 0 0 0 0 0
637 3 0 0 1 0 0 0 0 0
640 8 0 0 7 0 0 0 0 0
fn=openaux
61 39 0 0 0 0 0 13 0 0
64 143 1 1 52 0 0 26 0 0
65 13 0 0 13 0 0 0 0 0
68 13 0 0 13 0 0 0 0 0
69 26 0 0 26 0 0 0 0 0
fl=./elf/./elf/dl-environ.c
fn=_dl_next_ld_env_entry
28 3 1 1 0 0 0 0 0 0
29 3 0 0 3 0 0 0 0 0
32 103 0 0 34 0 0 0 0 0
34 66 0 0 33 0 0 0 0 0
35 18 1 1 9 0 0 0 0 0
37 2 0 0 0 0 0 0 0 0
40 4 0 0 0 0 0 2 0 0
42 2 0 0 2 0 0 0 0 0
45 31 0 0 0 0 0 0 0 0
49 1 0 0 1 0 0 0 0 0
fl=./elf/./elf/dl-error-skeleton.c
fn=_dl_catch_error
225 10 1 1 0 0 0 3 0 0
227 2 0 0 0 0 0 1 0 0
228 2 0 0 1 0 0 1 0 0
229 2 0 0 1 0 0 1 0 0
230 2 1 1 1 0 0 1 0 0
232 5 0 0 4 0 0 0 0 0
fn=_dl_catch_exception
175 84 2 2 0 0 0 56 2 2
178 28 0 0 0 0 0 0 0 0
180 28 0 0 14 0 0 14 0 0
199 14 0 0 0 0 0 14 0 0
200 28 0 0 0 0 0 14 0 0
203 28 0 0 0 0 0 14 0 0
206 98 0 0 0 0 0 14 1 1
208 42 1 1 28 0 0 14 0 0
209 28 0 0 14 0 0 14 0 0
210 56 0 0 14 0 0 28 0 0
219 56 0 0 28 0 0 0 0 0
fn=_dl_receive_error
238 6 0 0 0 0 0 2 0 0
239 1 0 0 1 0 0 0 0 0
240 1 0 0 1 0 0 0 0 0
243 1 1 1 0 0 0 1 0 0
244 1 0 0 0 0 0 1 0 0
246 1 0 0 0 0 0 1 0 0
248 1 0 0 0 0 0 1 0 0
249 1 0 0 0 0 0 1 0 0
250 4 0 0 3 0 0 0 0 0
fl=./elf/./elf/dl-find_object.c
fn=_dl_find_object_init
561 4 1 1 0 0 0 2 0 0
564 1 1 1 1 1 0 0 0 0
566 2 0 0 1 0 0 0 0 0
567 3 1 1 0 0 0 1 0 0
579 2 0 0 0 0 0 1 0 0
580 3 0 0 1 0 0 1 0 0
582 2 1 1 0 0 0 0 0 0
585 2 1 1 0 0 0 0 0 0
590 1 0 0 0 0 0 1 0 0
591 1 0 0 0 0 0 1 0 0
594 3 0 0 1 0 0 0 0 0
596 2 1 1 0 0 0 1 0 0
599 6 0 0 3 0 0 1 0 0
601 1 0 0 0 0 0 0 0 0
604 4 0 0 3 0 0 0 0 0
fn=_dlfo_process_initial
474 4 0 0 0 0 0 2 0 0
475 2 0 0 2 0 0 0 0 0
477 2 0 0 0 0 0 0 0 0
478 4 0 0 2 0 0 0 0 0
504 24 2 2 4 1 0 0 0 0
505 38 0 0 2 0 0 0 0 0
506 16 0 0 16 0 0 0 0 0
508 60 1 1 14 0 0 0 0 0
511 56 0 0 14 0 0 0 0 0
513 42 1 1 14 1 0 0 0 0
515 14 0 0 0 0 0 7 0 0
516 14 0 0 0 0 0 0 0 0
517 28 0 0 0 0 0 0 0 0
529 2 0 0 0 0 0 2 0 0
531 8 0 0 4 0 0 0 0 0
fn=_dlfo_sort_mappings
536 1 1 1 0 0 0 0 0 0
537 2 0 0 0 0 0 0 0 0
540 28 0 0 6 0 0 0 0 0
544 12 0 0 6 0 0 0 0 0
545 93 0 0 0 0 0 0 0 0
546 117 1 1 21 0 0 0 0 0
553 24 0 0 12 0 0 0 0 0
554 30 0 0 12 0 0 12 0 0
555 12 0 0 0 0 0 12 0 0
557 1 0 0 1 0 0 0 0 0
fl=./elf/./elf/dl-fini.c
fn=_dl_fini
31 9 1 1 0 0 0 6 0 0
48 7 1 1 0 0 0 1 0 0
51 7 0 0 1 1 1 0 0 0
54 2 0 0 1 1 1 1 0 0
56 1 0 0 1 1 1 0 0 0
59 2 0 0 0 0 0 0 0 0
61 6 1 1 3 0 0 0 0 0
66 1 0 0 0 0 0 1 0 0
68 3 0 0 0 0 0 1 0 0
73 17 2 2 1 0 0 0 0 0
78 28 1 1 9 1 1 0 0 0
80 16 0 0 8 0 0 0 0 0
82 16 0 0 0 0 0 0 0 0
84 16 0 0 0 0 0 8 0 0
85 8 0 0 0 0 0 8 6 6
86 8 0 0 0 0 0 0 0 0
90 8 0 0 8 0 0 0 0 0
92 6 1 1 0 0 0 0 0 0
93 6 0 0 0 0 0 0 0 0
99 5 0 0 0 0 0 2 0 0
108 2 1 1 1 1 1 1 0 0
113 30 0 0 9 0 0 1 0 0
115 8 0 0 8 0 0 0 0 0
117 24 0 0 8 0 0 0 0 0
120 16 0 0 0 0 0 8 0 0
123 24 1 1 8 7 7 0 0 0
124 9 0 0 3 3 3 0 0 0
127 12 0 0 6 0 0 0 0 0
138 20 0 0 10 4 4 5 0 0
139 5 0 0 5 1 1 0 0 0
140 10 0 0 5 0 0 0 0 0
141 60 1 1 14 0 0 0 0 0
142 14 0 0 7 5 5 14 0 0
146 15 0 0 5 3 3 0 0 0
147 18 0 0 12 5 5 6 0 0
153 16 0 0 0 0 0 8 0 0
158 8 1 1 8 0 0 0 0 0
162 5 0 0 1 0 0 1 0 0
168 6 1 1 2 0 0 0 0 0
174 2 0 0 1 0 0 0 0 0
181 8 0 0 7 0 0 0 0 0
fl=./elf/./elf/dl-hwcaps.c
fn=_dl_important_hwcaps
55 16 2 2 0 0 0 4 0 0
57 2 0 0 0 0 0 0 0 0
58 6 0 0 2 0 0 0 0 0
59 2 0 0 0 0 0 0 0 0
80 16 2 2 0 0 0 4 0 0
82 2 0 0 0 0 0 2 1 1
83 16 0 0 4 0 0 8 1 1
87 2 0 0 0 0 0 2 0 0
89 6 0 0 2 0 0 2 0 0
90 2 0 0 0 0 0 0 0 0
91 2 0 0 0 0 0 0 0 0
103 6 0 0 0 0 0 4 0 0
105 2 1 1 0 0 0 0 0 0
108 3 0 0 2 0 0 1 0 0
111 1 0 0 0 0 0 0 0 0
115 4 1 1 0 0 0 1 0 0
128 12 1 1 0 0 0 3 0 0
130 12 1 1 5 0 0 3 0 0
131 8 0 0 2 0 0 2 0 0
132 2 0 0 0 0 0 0 0 0
133 2 0 0 0 0 0 0 0 0
136 2 0 0 1 0 0 0 0 0
145 15 1 1 6 0 0 2 0 0
146 4 0 0 0 0 0 0 0 0
154 2 0 0 2 0 0 0 0 0
158 7 1 1 2 0 0 1 0 0
159 2 0 0 0 0 0 0 0 0
160 3 0 0 0 0 0 0 0 0
164 1 0 0 1 0 0 0 0 0
165 3 0 0 1 0 0 1 0 0
166 2 0 0 0 0 0 2 0 0
175 14 2 2 0 0 0 10 1 1
176 7 0 0 1 0 0 2 2 2
178 2 0 0 1 0 0 1 0 0
179 4 0 0 1 0 0 1 0 0
204 2 0 0 0 0 0 2 0 0
205 3 1 1 0 0 0 0 0 0
215 3 0 0 1 0 0 1 0 0
216 6 1 1 2 0 0 1 0 0
220 19 0 0 3 0 0 0 0 0
221 6 0 0 0 0 0 0 0 0
222 4 0 0 0 0 0 0 0 0
225 3 0 0 0 0 0 1 0 0
228 21 3 3 1 0 0 3 0 0
230 9 1 1 2 0 0 0 0 0
231 4 1 1 2 0 0 2 1 1
233 6 0 0 0 0 0 3 1 1
234 2 0 0 0 0 0 2 0 0
235 6 0 0 0 0 0 0 0 0
236 2 0 0 1 0 0 0 0 0
238 3 0 0 1 0 0 0 0 0
240 4 0 0 0 0 0 1 0 0
241 2 1 1 1 0 0 1 0 0
242 1 0 0 0 0 0 0 0 0
245 5 0 0 1 0 0 1 0 0
246 1 0 0 0 0 0 1 0 0
249 2 0 0 1 0 0 0 0 0
252 3 0 0 1 0 0 0 0 0
253 5 1 1 3 0 0 1 0 0
256 8 0 0 6 0 0 1 0 0
257 3 0 0 1 0 0 0 0 0
259 2 1 1 0 0 0 0 0 0
260 8 2 2 1 0 0 0 0 0
261 4 1 1 2 0 0 0 0 0
262 4 1 1 1 0 0 1 0 0
272 4 0 0 1 0 0 0 0 0
276 10 1 1 3 0 0 3 1 1
282 2 0 0 0 0 0 0 0 0
283 2 0 0 0 0 0 0 0 0
291 3 0 0 1 0 0 0 0 0
304 2 0 0 1 0 0 0 0 0
306 1 0 0 0 0 0 1 0 0
315 2 0 0 1 0 0 1 0 0
328 1 1 1 0 0 0 1 0 0
331 2 0 0 1 0 0 0 0 0
338 1 0 0 1 0 0 0 0 0
341 2 0 0 0 0 0 0 0 0
344 14 1 1 7 0 0 5 0 0
347 17 0 0 4 0 0 2 0 0
348 17 2 2 1 0 0 1 0 0
349 5 0 0 2 0 0 2 0 0
352 12 0 0 4 0 0 4 0 0
354 5 1 1 1 0 0 0 0 0
359 34 1 1 3 0 0 0 0 0
360 8 0 0 0 0 0 8 1 1
364 23 0 0 1 0 0 0 0 0
367 48 0 0 0 0 0 0 0 0
368 72 0 0 0 0 0 0 0 0
369 48 1 1 24 0 0 12 0 0
371 9 0 0 0 0 0 0 0 0
374 3 0 0 1 0 0 0 0 0
375 2 1 1 0 0 0 0 0 0
376 15 0 0 2 0 0 1 0 0
378 6 0 0 0 0 0 0 0 0
379 2 0 0 2 0 0 0 0 0
381 1 1 1 1 0 0 0 0 0
382 7 1 1 0 0 0 2 0 0
389 22 0 0 6 0 0 5 0 0
390 4 0 0 0 0 0 0 0 0
392 8 0 0 0 0 0 0 0 0
395 4 0 0 2 0 0 0 0 0
401 9 0 0 8 0 0 0 0 0
fl=./elf/./elf/dl-hwcaps_split.c
fn=_dl_hwcaps_contains
66 6 1 1 0 0 0 0 0 0
67 12 0 0 0 0 0 0 0 0
68 6 0 0 0 0 0 0 0 0
77 6 0 0 6 0 0 0 0 0
fn=_dl_hwcaps_split
25 4 1 1 0 0 0 2 0 0
26 3 0 0 1 0 0 0 0 0
27 1 0 0 0 0 0 0 0 0
47 4 1 1 3 0 0 0 0 0
fn=_dl_hwcaps_split_masked
26 42 0 0 14 0 0 0 0 0
30 24 0 0 12 0 0 12 0 0
34 72 1 1 18 1 1 0 0 0
35 12 0 0 0 0 0 6 0 0
36 24 0 0 0 0 0 0 0 0
41 27 0 0 0 0 0 9 0 0
42 18 0 0 0 0 0 0 0 0
43 9 0 0 0 0 0 3 0 0
45 6 0 0 0 0 0 0 0 0
51 55 1 1 0 0 0 22 0 0
55 5 1 1 0 0 0 0 0 0
56 18 0 0 9 0 0 9 0 0
57 27 0 0 0 0 0 9 0 0
58 54 0 0 6 0 0 6 0 0
62 44 0 0 33 0 0 0 0 0
fl=./elf/./elf/dl-init.c
fn=_dl_init
31 54 2 2 18 0 0 0 0 0
33 50 0 0 9 0 0 8 1 0
77 12 1 1 0 0 0 6 0 0
78 1 0 0 1 1 0 0 0 0
79 1 0 0 1 0 0 0 0 0
82 3 1 1 1 0 0 0 0 0
85 2 1 1 0 0 0 1 0 0
90 2 0 0 0 0 0 0 0 0
115 1 0 0 1 0 0 0 0 0
116 29 0 0 0 0 0 0 0 0
117 16 0 0 16 1 0 0 0 0
123 8 1 1 7 0 0 0 0 0
fn=call_init.part.0
26 72 1 1 0 0 0 40 0 0
39 24 1 1 8 0 0 8 0 0
42 24 0 0 16 6 0 0 0 0
43 2 0 0 0 0 0 0 0 0
47 14 0 0 7 0 0 0 0 0
55 21 0 0 7 5 0 0 0 0
56 30 0 0 10 5 0 5 0 0
59 7 1 1 7 5 0 0 0 0
60 14 0 0 0 0 0 0 0 0
66 15 0 0 10 3 0 0 0 0
68 10 0 0 10 0 0 0 0 0
69 117 0 0 0 0 0 0 0 0
70 92 0 0 23 7 0 23 0 0
72 48 1 1 48 0 0 0 0 0
fl=./elf/./elf/dl-load.c
fn=_dl_dst_count
238 78 1 1 0 0 0 65 1 1
241 26 0 0 0 0 0 13 0 0
244 26 0 0 0 0 0 0 0 0
245 13 1 1 0 0 0 0 0 0
264 91 0 0 78 0 0 0 0 0
fn=_dl_init_paths
706 13 1 1 0 0 0 8 0 0
720 4 1 1 0 0 0 2 1 1
725 1 0 0 0 0 0 1 0 0
727 2 0 0 0 0 0 0 0 0
734 5 0 0 0 0 0 0 0 0
735 2 1 1 1 0 0 0 0 0
739 4 0 0 0 0 0 1 1 1
741 4 0 0 2 0 0 0 0 0
747 1 0 0 0 0 0 1 0 0
748 1 1 1 0 0 0 1 0 0
756 8 0 0 0 0 0 4 0 0
758 8 0 0 0 0 0 4 1 1
759 4 0 0 0 0 0 4 1 1
761 5 0 0 0 0 0 4 0 0
762 7 0 0 3 1 1 4 1 1
763 7 1 1 0 0 0 0 0 0
766 9 0 0 3 1 1 0 0 0
767 10 0 0 5 0 0 1 0 0
768 18 0 0 0 0 0 4 0 0
770 26 3 3 6 0 0 6 0 0
776 1 0 0 0 0 0 1 0 0
777 1 0 0 0 0 0 1 0 0
782 1 0 0 1 0 0 0 0 0
785 3 0 0 0 0 0 0 0 0
787 4 0 0 1 0 0 0 0 0
789 3 1 1 1 0 0 0 0 0
806 1 0 0 0 0 0 1 0 0
808 3 2 2 1 0 0 0 0 0
822 2 1 1 0 0 0 1 0 0
825 5 1 1 2 0 0 0 0 0
827 23 1 1 2 0 0 2 0 0
831 2 0 0 0 0 0 0 0 0
832 60 1 1 15 0 0 0 0 0
833 14 0 0 0 0 0 0 0 0
834 28 0 0 0 0 0 0 0 0
836 1 0 0 0 0 0 1 0 0
837 1 0 0 0 0 0 0 0 0
838 2 1 1 0 0 0 0 0 0
844 6 0 0 1 0 0 1 0 0
847 3 0 0 2 0 0 0 0 0
853 1 0 0 0 0 0 1 0 0
857 8 0 0 7 0 0 0 0 0
fn=_dl_map_object
682 48 1 1 16 0 0 0 0 0
685 4 0 0 0 0 0 0 0 0
688 6 2 2 2 0 0 0 0 0
691 2 1 1 0 0 0 2 0 0
692 2 0 0 0 0 0 0 0 0
696 25 0 0 5 0 0 10 0 0
2022 140 1 1 0 0 0 112 5 5
2024 6 0 0 0 0 0 6 0 0
2030 28 0 0 0 0 0 0 0 0
2031 56 1 1 14 1 1 0 0 0
2034 289 0 0 73 0 0 0 0 0
2039 469 1 1 134 0 0 0 0 0
2041 335 0 0 0 0 0 67 0 0
2045 118 0 0 59 0 0 0 0 0
2046 177 0 0 59 0 0 0 0 0
2049 175 0 0 105 0 0 0 0 0
2050 105 1 1 35 0 0 0 0 0
2051 140 0 0 0 0 0 35 0 0
2068 42 2 2 12 0 0 6 0 0
2069 18 0 0 0 0 0 6 0 0
2077 18 0 0 6 0 0 0 0 0
2092 6 0 0 0 0 0 6 2 2
2094 30 0 0 0 0 0 6 0 0
2098 20 1 1 0 0 0 10 0 0
2100 10 0 0 5 0 0 0 0 0
2107 20 0 0 5 0 0 0 0 0
2111 10 1 1 5 0 0 5 0 0
2112 5 1 1 0 0 0 0 0 0
2116 18 0 0 6 0 0 0 0 0
2117 6 0 0 0 0 0 0 0 0
2131 25 1 1 10 0 0 0 0 0
2132 50 1 1 10 0 0 5 0 0
2133 5 0 0 0 0 0 0 0 0
2142 10 1 1 0 0 0 0 0 0
2157 15 1 1 5 0 0 0 0 0
2158 70 1 1 5 0 0 20 0 0
2164 25 1 1 5 0 0 0 0 0
2165 5 0 0 0 0 0 0 0 0
2173 5 1 1 0 0 0 5 0 0
2187 10 0 0 0 0 0 0 0 0
2189 15 0 0 5 0 0 0 0 0
2193 15 1 1 0 0 0 5 0 0
2195 10 0 0 0 0 0 0 0 0
2199 10 0 0 0 0 0 0 0 0
2207 15 0 0 5 0 0 0 0 0
2230 35 1 1 0 0 0 10 0 0
2234 15 0 0 5 0 0 0 0 0
2235 10 0 0 0 0 0 5 0 0
2252 10 1 1 5 0 0 0 0 0
2258 1 0 0 0 0 0 1 0 0
2259 4 1 1 0 0 0 1 0 0
2260 2 0 0 0 0 0 0 0 0
2261 3 0 0 0 0 0 0 0 0
2265 6 0 0 0 0 0 2 0 0
2268 3 1 1 1 0 0 0 0 0
2280 24 0 0 6 0 0 0 0 0
2282 20 1 1 0 0 0 0 0 0
2326 12 0 0 6 0 0 6 0 0
2327 90 1 1 18 0 0 30 0 0
2329 126 0 0 98 0 0 0 0 0
fn=_dl_map_object_from_fd
944 84 1 1 0 0 0 66 2 2
954 18 0 0 6 0 0 12 1 1
961 24 0 0 6 0 0 6 1 1
999 123 0 0 39 0 0 0 0 0
1000 54 0 0 27 0 0 0 0 0
1018 12 1 1 6 0 0 0 0 0
1046 24 1 1 6 0 0 6 0 0
1056 12 0 0 6 0 0 0 0 0
1063 48 1 1 30 0 0 6 0 0
1064 12 0 0 0 0 0 0 0 0
1075 18 0 0 12 0 0 6 3 3
1076 24 0 0 12 0 0 12 0 0
1077 12 1 1 6 0 0 6 0 0
1079 18 0 0 0 0 0 0 0 0
1080 24 0 0 12 0 0 0 0 0
1081 10 0 0 0 0 0 5 0 0
1084 17 3 3 1 0 0 1 0 0
1085 6 0 0 1 0 0 1 1 1
1096 12 0 0 0 0 0 6 0 0
1098 6 0 0 0 0 0 6 0 0
1100 132 2 2 12 0 0 6 0 0
1101 6 0 0 0 0 0 0 0 0
1102 6 0 0 0 0 0 6 0 0
1103 6 1 1 0 0 0 6 0 0
1104 6 0 0 0 0 0 0 0 0
1110 243 1 1 6 0 0 0 0 0
1111 603 2 2 71 1 1 0 0 0
1117 12 1 1 6 0 0 0 0 0
1124 15 0 0 9 0 0 6 0 0
1125 18 0 0 6 0 0 6 0 0
1126 60 1 1 12 0 0 6 0 0
1131 2 0 0 1 0 0 1 0 0
1132 1 0 0 0 0 0 0 0 0
1137 162 0 0 54 0 0 6 0 0
1145 48 0 0 0 0 0 0 0 0
1146 180 0 0 0 0 0 30 5 5
1147 72 1 1 24 0 0 0 0 0
1148 72 0 0 0 0 0 24 0 0
1149 48 1 1 24 0 0 24 2 2
1151 168 0 0 24 0 0 0 0 0
1153 48 0 0 24 0 0 24 0 0
1157 48 0 0 0 0 0 0 0 0
1158 90 0 0 36 0 0 18 0 0
1162 48 1 1 0 0 0 0 0 0
1163 192 0 0 24 0 0 24 2 2
1173 24 0 0 0 0 0 0 0 0
1176 9 0 0 3 0 0 0 0 0
1180 12 0 0 0 0 0 3 3 3
1181 3 0 0 3 0 0 0 0 0
1185 15 1 1 0 0 0 3 1 1
1186 6 0 0 3 0 0 3 0 0
1189 3 0 0 0 0 0 3 0 0
1194 12 0 0 3 0 0 0 0 0
1195 12 0 0 6 0 0 6 0 0
1201 30 1 1 6 0 0 6 0 0
1209 12 1 1 6 0 0 6 0 0
1210 6 0 0 0 0 0 0 0 0
1213 24 0 0 12 0 0 6 2 2
1218 18 0 0 0 0 0 0 0 0
1228 108 0 0 0 0 0 0 0 0
1229 48 0 0 0 0 0 24 0 0
1235 12 1 1 0 0 0 0 0 0
1245 24 0 0 12 0 0 0 0 0
1252 42 1 1 18 0 0 6 0 0
1268 24 2 2 12 0 0 0 0 0
1269 18 0 0 6 0 0 6 0 0
1275 22 2 2 5 0 0 0 0 0
1276 12 0 0 0 0 0 0 0 0
1278 12 1 1 0 0 0 0 0 0
1288 18 0 0 6 0 0 0 0 0
1307 18 0 0 6 0 0 6 0 0
1309 30 1 1 12 0 0 0 0 0
1361 18 0 0 6 3 3 0 0 0
1362 6 0 0 3 0 0 3 0 0
1368 220 1 1 89 0 0 18 0 0
1369 331 0 0 71 59 59 0 0 0
1375 95 1 1 6 0 0 6 0 0
1380 24 1 1 6 0 0 6 0 0
1393 12 0 0 6 0 0 0 0 0
1395 24 0 0 12 0 0 6 0 0
1397 12 1 1 6 0 0 0 0 0
1413 12 0 0 0 0 0 6 0 0
1417 12 0 0 6 0 0 0 0 0
1418 12 0 0 6 0 0 0 0 0
1435 12 0 0 6 0 0 0 0 0
1436 1 0 0 0 0 0 1 0 0
1439 12 1 1 6 0 0 6 0 0
1444 12 0 0 6 0 0 0 0 0
1454 12 0 0 6 0 0 0 0 0
1461 36 0 0 12 0 0 0 0 0
1462 15 1 1 5 0 0 0 0 0
1463 36 0 0 12 0 0 4 0 0
1464 12 0 0 4 0 0 0 0 0
1465 5 0 0 1 0 0 1 0 0
1471 12 1 1 6 0 0 0 0 0
1472 12 0 0 3 0 0 0 0 0
1477 6 0 0 0 0 0 3 0 0
1484 18 0 0 6 0 0 6 0 0
1487 24 0 0 12 0 0 0 0 0
1506 30 2 2 12 0 0 0 0 0
1510 42 1 1 18 0 0 0 0 0
1511 24 0 0 6 0 0 6 0 0
1515 54 1 1 42 0 0 0 0 0
fn=_dl_process_pt_gnu_property
868 14 1 1 0 0 0 0 0 0
869 14 1 1 14 0 0 0 0 0
870 7 0 0 7 0 0 0 0 0
876 14 0 0 7 0 0 0 0 0
882 35 0 0 0 0 0 0 0 0
885 21 0 0 7 6 6 0 0 0
886 14 0 0 7 1 1 0 0 0
887 14 1 1 7 0 0 0 0 0
930 7 0 0 7 0 0 0 0 0
fn=expand_dynamic_string_token
241 6 1 1 0 0 0 2 0 0
244 4 0 0 0 0 0 0 0 0
385 18 1 1 0 0 0 12 0 0
399 4 0 0 0 0 0 0 0 0
410 14 0 0 12 0 0 0 0 0
fn=fillin_rpath.isra.0
468 15 2 2 0 0 0 11 0 0
472 1 0 0 0 0 0 0 0 0
474 12 0 0 2 0 0 2 0 0
481 2 0 0 1 0 0 0 0 0
483 4 0 0 1 0 0 1 0 0
487 2 0 0 0 0 0 0 0 0
492 3 1 1 0 0 0 1 0 0
493 2 0 0 0 0 0 0 0 0
500 5 0 0 1 0 0 0 0 0
505 4 1 1 0 0 0 2 0 0
509 15 1 1 5 0 0 0 0 0
510 8 0 0 4 0 0 0 0 0
528 6 2 2 1 0 0 1 0 0
532 3 1 1 2 0 0 0 0 0
534 2 0 0 0 0 0 0 0 0
538 1 0 0 0 0 0 1 0 0
539 2 0 0 1 0 0 0 0 0
540 4 0 0 0 0 0 2 0 0
541 1 0 0 0 0 0 1 0 0
543 2 1 1 1 0 0 0 0 0
549 4 0 0 1 0 0 0 0 0
550 28 2 2 1 0 0 0 0 0
551 9 0 0 0 0 0 4 0 0
553 2 0 0 1 0 0 1 0 0
554 3 0 0 1 0 0 0 0 0
555 1 0 0 0 0 0 1 0 0
561 2 0 0 1 0 0 1 0 0
562 2 0 0 0 0 0 1 0 0
565 2 1 1 0 0 0 1 0 0
571 1 0 0 0 0 0 1 0 0
574 8 0 0 7 0 0 0 0 0
fn=open_path
1870 70 2 2 5 0 0 55 3 3
1871 10 0 0 5 0 0 5 0 0
1874 5 0 0 0 0 0 5 0 0
1875 10 1 1 0 0 0 10 0 0
1877 10 0 0 0 0 0 0 0 0
1882 105 2 2 15 0 0 0 0 0
1885 10 0 0 10 0 0 0 0 0
1889 5 0 0 0 0 0 5 0 0
1894 30 1 1 5 0 0 5 0 0
1901 25 0 0 10 0 0 5 1 1
1902 279 2 2 19 0 0 0 0 0
1905 100 0 0 50 0 0 0 0 0
1910 168 1 1 70 0 0 28 0 0
1913 28 0 0 0 0 0 14 0 0
1919 42 0 0 14 0 0 0 0 0
1922 98 1 1 42 0 0 14 0 0
1924 42 0 0 14 0 0 0 0 0
1926 20 0 0 0 0 0 0 0 0
1931 20 1 1 0 0 0 0 0 0
1932 70 0 0 30 0 0 0 0 0
1938 30 1 1 20 0 0 10 0 0
1940 60 0 0 10 0 0 10 0 0
1941 2 0 0 1 1 1 0 0 0
1943 38 1 1 1 0 0 11 0 0
1950 16 0 0 4 0 0 0 0 0
1952 8 0 0 0 0 0 0 0 0
1960 25 0 0 0 0 0 5 0 0
1988 5 0 0 0 0 0 0 0 0
1991 40 2 2 10 0 0 0 0 0
1996 10 0 0 10 0 0 0 0 0
1998 20 0 0 15 0 0 0 0 0
2001 15 0 0 5 0 0 0 0 0
2015 45 0 0 35 0 0 0 0 0
fn=open_verify.constprop.0
1568 209 1 1 0 0 0 114 0 0
1607 57 0 0 19 0 0 0 0 0
1612 28 1 1 0 0 0 0 0 0
1626 95 0 0 0 0 0 19 1 1
1628 38 1 1 0 0 0 0 0 0
1633 5 0 0 0 0 0 0 0 0
1639 5 0 0 0 0 0 5 0 0
1640 5 0 0 0 0 0 5 0 0
1645 50 0 0 5 0 0 10 0 0
1647 10 1 1 0 0 0 0 0 0
1649 10 0 0 5 0 0 5 0 0
1651 10 0 0 0 0 0 0 0 0
1657 10 0 0 0 0 0 0 0 0
1674 79 3 3 28 0 0 0 0 0
1748 10 1 1 5 0 0 0 0 0
1753 10 0 0 5 0 0 0 0 0
1755 20 0 0 5 0 0 0 0 0
1761 10 0 0 5 1 1 0 0 0
1767 25 1 1 5 0 0 0 0 0
1768 20 0 0 5 0 0 0 0 0
1769 8 0 0 4 0 0 0 0 0
1772 16 3 3 1 0 0 0 0 0
1773 9 1 1 1 0 0 2 0 0
1789 319 0 0 1 0 0 0 0 0
1790 132 0 0 61 12 12 0 0 0
1791 40 1 1 10 0 0 0 0 0
1795 40 0 0 20 0 0 0 0 0
1796 24 0 0 8 0 0 0 0 0
1801 4 0 0 0 0 0 0 0 0
1802 32 1 1 2 0 0 0 0 0
1812 28 1 1 6 0 0 8 1 1
1820 87 2 2 24 1 1 0 0 0
1822 10 0 0 0 0 0 0 0 0
1823 90 2 2 30 0 0 0 0 0
1826 30 0 0 0 0 0 0 0 0
1831 2 0 0 0 0 0 0 0 0
1832 20 0 0 8 0 0 0 0 0
1835 4 0 0 0 0 0 0 0 0
1838 6 0 0 2 0 0 0 0 0
1839 10 0 0 2 0 0 0 0 0
1840 4 0 0 2 0 0 0 0 0
1841 6 0 0 2 0 0 0 0 0
1842 6 0 0 2 0 0 0 0 0
1856 171 1 1 133 0 0 0 0 0
fn=open_verify.constprop.1
1568 11 1 1 0 0 0 6 0 0
1607 3 1 1 1 0 0 0 0 0
1626 5 0 0 0 0 0 1 1 1
1628 2 0 0 0 0 0 0 0 0
1633 1 0 0 0 0 0 0 0 0
1639 1 0 0 0 0 0 1 0 0
1640 1 0 0 0 0 0 1 1 1
1645 10 1 1 1 0 0 2 0 0
1647 2 0 0 0 0 0 0 0 0
1649 2 0 0 1 0 0 1 0 0
1651 2 0 0 0 0 0 0 0 0
1657 2 0 0 0 0 0 0 0 0
1674 14 2 2 5 0 0 0 0 0
1748 2 0 0 1 0 0 0 0 0
1753 2 0 0 1 0 0 0 0 0
1755 4 1 1 1 0 0 0 0 0
1761 2 0 0 1 0 0 0 0 0
1767 5 0 0 1 1 1 0 0 0
1768 4 0 0 1 0 0 0 0 0
1769 2 0 0 1 0 0 0 0 0
1789 70 1 1 0 0 0 0 0 0
1790 28 1 1 13 7 7 0 0 0
1791 8 0 0 2 1 1 0 0 0
1795 8 0 0 4 0 0 0 0 0
1796 6 1 1 2 0 0 0 0 0
1820 15 1 1 4 2 2 0 0 0
1822 2 0 0 0 0 0 0 0 0
1823 18 1 1 6 0 0 0 0 0
1826 6 0 0 0 0 0 0 0 0
1832 4 1 1 2 0 0 0 0 0
1856 9 0 0 7 0 0 0 0 0
fl=./elf/./elf/dl-lookup-direct.c
fn=_dl_lookup_direct
32 15 1 1 9 0 0 0 0 0
33 9 0 0 0 0 0 0 0 0
35 6 0 0 3 3 3 0 0 0
36 6 0 0 3 0 0 0 0 0
48 12 0 0 3 0 0 6 0 0
51 6 1 1 6 0 0 0 0 0
53 18 0 0 3 0 0 3 0 0
57 9 0 0 9 2 1 0 0 0
58 21 1 1 9 0 0 0 0 0
59 15 0 0 6 0 0 3 0 0
74 36 2 2 0 0 0 24 0 0
76 6 0 0 3 0 0 0 0 0
78 21 0 0 9 3 0 0 0 0
79 6 1 1 0 0 0 0 0 0
81 12 0 0 3 0 0 3 0 0
84 25 0 0 5 4 3 0 0 0
86 9 0 0 3 0 0 0 0 0
93 6 1 1 0 0 0 0 0 0
115 3 0 0 0 0 0 0 0 0
116 27 0 0 21 0 0 0 0 0
fl=./elf/./elf/dl-lookup.c
fn=_dl_lookup_symbol_x
204 13392 0 0 4464 0 0 4464 1 0
580 4464 0 0 0 0 0 0 0 0
581 387928 0 0 96982 1926 1681 0 0 0
582 379000 1 1 0 0 0 0 0 0
583 2232 0 0 0 0 0 0 0 0
840 31248 3 3 0 0 0 22320 11 5
842 4464 0 0 0 0 0 2232 0 0
843 4464 0 0 0 0 0 2232 0 0
846 2232 0 0 2232 5 3 0 0 0
850 17793 1 1 6675 0 0 2232 4 3
852 13392 2 2 2232 0 0 2232 0 0
853 4464 0 0 2232 0 0 0 0 0
855 4464 0 0 4464 8 2 0 0 0
859 4554 0 0 18 0 0 0 0 0
860 37944 1 1 13392 0 0 15624 6 4
865 6696 0 0 2232 0 0 0 0 0
867 108 1 1 18 0 0 0 0 0
884 2232 1 1 0 0 0 2232 0 0
885 54 1 1 0 0 0 0 0 0
888 4464 0 0 2232 0 0 0 0 0
889 15482 0 0 2210 0 0 0 0 0
896 2214 3 3 2214 0 0 0 0 0
929 8856 0 0 2214 0 0 0 0 0
943 6642 0 0 2214 20 7 0 0 0
944 2 1 1 0 0 0 1 0 0
946 6642 0 0 2214 0 0 0 0 0
953 20088 0 0 15624 0 0 0 0 0
1008 4428 0 0 2214 0 0 0 0 0
fn=check_match
70 28951 3 3 4454 0 0 11135 1 1
73 15589 1 1 4454 334 251 0 0 0
78 2213 1 1 0 0 0 0 0 0
86 11105 0 0 0 0 0 0 0 0
89 5108 0 0 222 0 0 111 4 2
93 2221 0 0 2221 13 6 0 0 0
94 4442 0 0 0 0 0 0 0 0
96 4436 1 1 0 0 0 0 0 0
115 4436 0 0 4436 78 32 0 0 0
116 17744 0 0 6654 35 6 0 0 0
117 11045 2 2 4418 11 2 2209 4 4
118 18 0 0 9 0 0 0 0 0
119 18 0 0 0 0 0 0 0 0
144 6 0 0 0 0 0 0 0 0
146 18 0 0 6 3 1 0 0 0
147 12 0 0 0 0 0 0 0 0
150 2 0 0 0 0 0 0 0 0
151 7 0 0 3 0 0 1 0 0
153 3 0 0 1 0 0 1 0 0
155 20 0 0 0 0 0 0 0 0
162 13362 0 0 13362 0 0 0 0 0
fn=do_lookup_x
170 301 0 0 0 0 0 0 0 0
171 774 4 4 331 0 0 4 0 0
172 940 2 2 250 47 47 0 0 0
174 98 0 0 0 0 0 0 0 0
175 294 0 0 0 0 0 0 0 0
176 528 1 1 0 0 0 0 0 0
179 152 0 0 0 0 0 152 0 0
180 152 0 0 0 0 0 152 0 0
182 152 0 0 0 0 0 152 41 35
183 70 0 0 0 0 0 0 0 0
222 488 1 1 122 0 0 122 0 0
224 1342 1 1 244 2 0 488 0 0
226 366 0 0 122 2 1 122 0 0
227 122 0 0 122 0 0 0 0 0
228 366 0 0 122 0 0 0 0 0
230 2684 2 2 308 0 0 484 0 0
231 726 0 0 0 0 0 0 0 0
234 759 0 0 253 55 25 0 0 0
235 413 0 0 293 0 0 40 0 0
237 200 1 1 120 0 0 0 0 0
247 40 0 0 40 0 0 0 0 0
248 80 0 0 80 0 0 0 0 0
250 160 0 0 80 0 0 120 0 0
251 40 0 0 0 0 0 0 0 0
254 426 0 0 0 0 0 0 0 0
257 132 0 0 0 0 0 0 0 0
258 396 0 0 0 0 0 0 0 0
259 132 1 1 0 0 0 0 0 0
262 1134 0 0 405 0 0 0 0 0
269 10 1 1 0 0 0 4 0 0
272 4 0 0 0 0 0 0 0 0
279 286 1 1 2 0 0 0 0 0
280 276 0 0 92 4 1 0 0 0
281 350 1 1 210 3 0 0 0 0
285 16 0 0 6 0 0 4 0 0
286 2 0 0 0 0 0 2 0 0
288 2 0 0 0 0 0 2 0 0
289 6 1 1 4 0 0 2 0 0
305 3 1 1 0 0 0 1 0 0
313 2 0 0 1 0 0 0 0 0
315 2 0 0 0 0 0 0 0 0
318 1 0 0 0 0 0 1 0 0
319 1 1 1 0 0 0 1 0 0
320 2 0 0 1 0 0 1 0 0
323 574 0 0 246 0 0 0 0 0
324 492 1 1 164 0 0 0 0 0
331 328 0 0 82 0 0 0 0 0
342 410 1 1 164 0 0 0 0 0
347 164 0 0 164 1 0 82 0 0
349 328 0 0 164 0 0 82 0 0
363 29016 4 4 4464 0 0 20088 13 10
364 2232 0 0 2232 4 3 0 0 0
370 2232 0 0 2232 0 0 0 0 0
374 14474 3 3 14474 45 21 0 0 0
377 14474 0 0 0 0 0 0 0 0
381 27872 2 2 2235 0 0 6696 10 7
385 14472 0 0 7236 29 17 0 0 0
389 14472 1 1 7236 5 3 0 0 0
395 21708 2 2 7236 20 8 0 0 0
399 7236 0 0 0 0 0 7236 0 0
400 7236 0 0 0 0 0 7236 0 0
403 36180 0 0 21708 79 34 0 0 0
404 21708 3 3 14472 26 10 7236 0 0
407 7236 0 0 7236 0 0 0 0 0
408 14472 0 0 0 0 0 0 0 0
410 7236 0 0 7236 643 170 0 0 0
411 6696 0 0 0 0 0 2232 0 0
412 14472 0 0 14472 0 0 0 0 0
415 36180 0 0 14472 0 0 0 0 0
418 50652 0 0 0 0 0 0 0 0
421 4568 0 0 4568 904 227 0 0 0
422 9136 1 1 0 0 0 0 0 0
423 4568 0 0 0 0 0 0 0 0
425 27336 1 1 6834 0 0 11390 0 0
428 27985 1 1 5597 1544 506 0 0 0
430 6681 0 0 2227 0 0 0 0 0
431 31178 1 1 11135 0 0 13362 9 7
432 4454 0 0 0 0 0 0 0 0
435 6681 0 0 0 0 0 0 0 0
438 10180 0 0 14 0 0 0 0 0
452 17704 2 2 11065 0 0 0 0 0
469 131 2 2 66 0 0 0 0 0
471 2 0 0 0 0 0 0 0 0
477 4428 2 2 2214 0 0 0 0 0
528 4428 0 0 0 0 0 0 0 0
535 11524 0 0 2214 0 0 0 0 0
539 4458 2 2 1486 3 2 0 0 0
551 4184 0 0 2092 0 0 2092 0 0
552 2092 0 0 0 0 0 2092 0 0
553 4428 0 0 0 0 0 0 0 0
570 15069 0 0 0 0 0 0 0 0
573 18 0 0 0 0 0 0 0 0
574 17856 1 1 15624 0 0 0 0 0
fl=./elf/./elf/dl-minimal-malloc.c
fn=__minimal_calloc
78 95 2 2 0 0 0 0 0 0
82 19 0 0 0 0 0 0 0 0
85 19 0 0 0 0 0 0 0 0
86 57 0 0 0 0 0 0 0 0
fn=__minimal_free
95 9 0 0 0 0 0 0 0 0
97 36 2 1 18 0 0 0 0 0
fn=__minimal_malloc
35 235 1 1 0 0 0 94 1 1
36 141 0 0 47 4 1 0 0 0
41 3 0 0 0 0 0 1 0 0
42 2 1 1 1 0 0 0 0 0
43 2 0 0 0 0 0 0 0 0
47 188 1 1 47 0 0 47 0 0
50 317 0 0 0 0 0 0 0 0
55 12 1 1 3 0 0 0 0 0
56 12 0 0 0 0 0 0 0 0
58 3 0 0 0 0 0 0 0 0
59 24 0 0 0 0 0 3 0 0
61 6 0 0 0 0 0 0 0 0
63 6 0 0 3 0 0 0 0 0
65 8 0 0 0 0 0 3 0 0
68 48 0 0 1 0 0 47 4 1
69 51 0 0 0 0 0 47 0 0
71 188 0 0 141 0 0 0 0 0
fl=./elf/./elf/dl-minimal.c
fn=__rtld_malloc_init_real
76 8 1 1 0 0 0 5 0 0
86 2 0 0 0 0 0 1 0 0
87 1 0 0 0 0 0 1 0 0
89 1 0 0 0 0 0 1 0 0
91 6 0 0 0 0 0 1 0 0
92 5 1 1 0 0 0 1 0 0
93 5 0 0 0 0 0 1 0 0
94 4 0 0 0 0 0 1 0 0
99 1 0 0 0 0 0 1 0 0
100 1 0 0 0 0 0 1 0 0
101 1 1 1 0 0 0 1 0 0
102 1 0 0 0 0 0 1 0 0
103 7 0 0 6 0 0 0 0 0
fn=__rtld_malloc_init_stubs
42 1 1 1 0 0 0 0 0 0
43 2 0 0 0 0 0 1 1 1
44 2 0 0 0 0 0 1 0 0
45 2 1 1 0 0 0 1 0 0
46 2 0 0 0 0 0 1 0 0
47 1 0 0 1 0 0 0 0 0
fn=lookup_malloc_symbol
61 28 1 1 0 0 0 12 0 0
63 4 0 0 0 0 0 4 0 0
64 28 1 1 4 0 0 12 0 0
68 28 0 0 16 0 0 0 0 0
69 28 0 0 12 0 0 0 0 0
71 4 1 1 0 0 0 4 0 0
72 20 0 0 16 0 0 0 0 0
fn=strsep
239 2 1 1 0 0 0 0 0 0
242 4 0 0 2 1 1 0 0 0
244 2 0 0 2 0 0 0 0 0
245 4 0 0 0 0 0 0 0 0
249 77 1 1 15 0 0 0 0 0
254 56 0 0 28 0 0 0 0 0
256 84 0 0 28 1 1 0 0 0
264 14 0 0 0 0 0 0 0 0
267 1 0 0 0 0 0 1 0 0
271 4 0 0 2 0 0 0 0 0
fl=./elf/./elf/dl-misc.c
fn=_dl_higher_prime_number
87 2 1 1 0 0 0 0 0 0
124 2 0 0 0 0 0 0 0 0
125 2 0 0 0 0 0 0 0 0
127 26 1 1 0 0 0 0 0 0
129 80 0 0 0 0 0 0 0 0
130 37 0 0 10 4 2 0 0 0
131 6 0 0 0 0 0 0 0 0
145 2 0 0 2 0 0 0 0 0
146 2 0 0 2 0 0 0 0 0
fn=_dl_name_match_p
68 870 1 1 0 0 0 290 1 1
69 580 0 0 145 0 0 145 0 0
70 21 0 0 0 0 0 0 0 0
72 145 0 0 145 0 0 0 0 0
74 572 0 0 0 0 0 0 0 0
75 810 1 1 162 0 0 162 0 0
80 141 0 0 141 0 0 0 0 0
82 124 0 0 0 0 0 0 0 0
83 580 0 0 435 0 0 0 0 0
fn=_dl_sysdep_read_whole_file
36 9 1 1 0 0 0 4 0 0
39 3 0 0 0 0 0 1 0 0
40 2 0 0 0 0 0 0 0 0
42 6 1 1 0 0 0 1 0 0
44 2 0 0 1 0 0 1 1 1
47 2 0 0 0 0 0 0 0 0
49 8 0 0 0 0 0 1 0 0
60 3 0 0 0 0 0 1 0 0
63 7 0 0 5 0 0 0 0 0
fl=./elf/./elf/dl-object.c
fn=_dl_add_to_namespace_list
31 42 2 2 0 0 0 21 0 0
33 21 0 0 7 0 0 7 0 0
35 55 0 0 7 0 0 0 0 0
38 108 0 0 27 0 0 0 0 0
40 6 0 0 0 0 0 6 0 0
42 6 0 0 0 0 0 6 0 0
45 2 0 0 0 0 0 1 0 0
46 21 1 1 7 0 0 0 0 0
47 14 0 0 7 0 0 7 0 0
48 14 0 0 0 0 0 7 0 0
50 14 0 0 7 0 0 0 0 0
51 21 0 0 21 0 0 0 0 0
fn=_dl_new_object
59 98 1 1 0 0 0 56 3 3
62 14 1 1 0 0 0 0 0 0
64 2 2 2 0 0 0 0 0 0
66 3 0 0 1 0 0 0 0 0
67 2 1 1 0 0 0 0 0 0
71 2 0 0 0 0 0 0 0 0
77 5 0 0 0 0 0 1 0 0
80 12 0 0 6 0 0 6 0 0
83 24 0 0 0 0 0 6 0 0
87 12 0 0 0 0 0 0 0 0
92 13 0 0 0 0 0 7 0 0
95 14 0 0 0 0 0 0 0 0
98 7 0 0 0 0 0 7 5 5
99 7 0 0 0 0 0 7 7 7
100 14 0 0 7 0 0 0 0 0
103 14 0 0 0 0 0 7 2 2
104 49 1 1 14 0 0 21 2 2
106 7 0 0 0 0 0 7 0 0
119 26 0 0 13 0 0 0 0 0
125 1 0 0 0 0 0 0 0 0
127 49 1 1 14 7 7 14 0 0
130 14 0 0 7 0 0 0 0 0
131 20 1 1 0 0 0 7 7 7
132 7 0 0 0 0 0 7 0 0
136 7 0 0 0 0 0 7 0 0
139 78 1 1 8 0 0 0 0 0
141 16 0 0 0 0 0 16 4 4
149 14 1 1 0 0 0 7 0 0
150 7 0 0 0 0 0 7 7 7
153 1 1 1 0 0 0 0 0 0
155 42 0 0 7 1 1 0 0 0
157 24 0 0 0 0 0 6 3 3
160 16 0 0 0 0 0 0 0 0
164 28 0 0 7 0 0 0 0 0
168 36 1 1 6 0 0 0 0 0
176 2 1 1 0 0 0 1 0 0
179 14 0 0 0 0 0 7 2 2
189 21 0 0 7 0 0 0 0 0
191 30 1 1 0 0 0 18 0 0
195 18 0 0 0 0 0 0 0 0
200 24 0 0 0 0 0 0 0 0
208 6 0 0 0 0 0 0 0 0
212 6 0 0 0 0 0 0 0 0
245 24 0 0 6 0 0 6 0 0
250 196 0 0 0 0 0 0 0 0
251 196 0 0 98 0 0 0 0 0
253 12 0 0 0 0 0 0 0 0
256 6 0 0 0 0 0 6 0 0
259 6 0 0 0 0 0 6 3 3
263 63 1 1 49 0 0 0 0 0
fl=./elf/./elf/dl-profstub.c
fn=_dl_mcount_wrapper_check
36 256 1 1 0 0 0 0 0 0
37 384 1 1 256 0 0 0 0 0
39 128 0 0 128 0 0 0 0 0
fl=./elf/./elf/dl-reloc.c
fn=_dl_relocate_object
194 104 1 1 0 0 0 64 0 0
204 14 0 0 0 0 0 0 0 0
205 24 0 0 0 0 0 16 0 0
208 16 0 0 0 0 0 8 0 0
210 24 1 1 0 0 0 0 0 0
212 8 0 0 8 0 0 0 0 0
213 24 0 0 8 2 0 0 0 0
232 16 1 1 8 0 0 0 0 0
238 40 0 0 16 0 0 0 0 0
239 16 1 1 8 7 0 0 0 0
240 2 0 0 0 0 0 0 0 0
242 16 0 0 0 0 0 0 0 0
249 32 2 2 8 2 0 8 0 0
288 471 7 7 203 33 0 60 0 0
291 48 0 0 16 0 0 0 0 0
308 3218 1 1 0 0 0 0 0 0
315 8 0 0 8 0 0 0 0 0
318 16 0 0 8 0 0 0 0 0
335 24 0 0 8 6 0 0 0 0
337 64 0 0 56 2 0 0 0 0
343 48 2 2 24 0 0 0 0 0
346 16 0 0 0 0 0 0 0 0
350 16 0 0 0 0 0 0 0 0
351 48 0 0 0 0 0 8 0 0
fl=./elf/./elf/dl-runtime.c
fn=_dl_fixup
46 808 3 3 0 0 0 404 0 0
48 505 0 0 404 14 13 0 0 0
49 303 0 0 202 3 3 0 0 0
54 101 0 0 101 8 5 0 0 0
55 404 2 2 101 10 5 0 0 0
56 707 0 0 101 94 24 101 0 0
58 202 0 0 101 8 3 0 0 0
63 202 0 0 0 0 0 0 0 0
67 202 0 0 101 99 72 0 0 0
69 404 0 0 101 25 13 0 0 0
71 303 2 2 101 10 5 0 0 0
75 303 0 0 202 91 28 0 0 0
76 404 0 0 101 3 3 0 0 0
84 101 0 0 0 0 0 0 0 0
85 303 0 0 101 0 0 0 0 0
95 1111 1 1 202 9 5 303 3 2
99 505 1 1 303 0 0 0 0 0
109 1010 0 0 404 3 3 101 0 0
124 404 0 0 101 0 0 0 0 0
125 6 0 0 0 0 0 3 0 0
133 303 2 2 101 1 0 0 0 0
159 303 0 0 101 1 1 0 0 0
163 606 0 0 505 0 0 0 0 0
fl=./elf/./elf/dl-setup_hash.c
fn=_dl_setup_hash
25 16 1 1 0 0 0 0 0 0
28 24 1 1 8 0 0 0 0 0
31 24 0 0 16 0 0 0 0 0
32 16 0 0 8 6 6 8 1 1
33 8 0 0 8 0 0 0 0 0
34 8 0 0 8 0 0 0 0 0
36 24 0 0 0 0 0 0 0 0
37 8 0 0 0 0 0 8 0 0
38 24 0 0 8 0 0 8 0 0
40 32 1 1 0 0 0 8 0 0
41 16 0 0 0 0 0 0 0 0
45 24 0 0 0 0 0 8 0 0
50 8 0 0 8 0 0 0 0 0
fl=./elf/./elf/dl-sort-maps.c
fn=_dl_sort_maps
145 74 0 0 16 0 0 14 0 0
186 2 0 0 0 0 0 0 0 0
187 56 0 0 0 0 0 0 0 0
188 32 0 0 32 0 0 0 0 0
223 38 6 6 2 0 0 0 0 0
228 4 0 0 0 0 0 2 0 0
230 2 0 0 0 0 0 2 0 0
231 16 0 0 0 0 0 0 0 0
233 42 0 0 0 0 0 0 0 0
235 16 2 2 16 0 0 0 0 0
238 32 0 0 16 0 0 0 0 0
256 4 0 0 2 0 0 0 0 0
269 2 2 2 0 0 0 0 0 0
276 10 2 2 0 0 0 2 0 0
290 22 4 3 0 0 0 14 0 0
298 6 0 0 2 2 1 0 0 0
302 18 4 4 14 0 0 0 0 0
fn=_dl_sort_maps_init
281 2 1 1 0 0 0 0 0 0
282 4 0 0 0 0 0 1 0 0
283 1 0 0 0 0 0 1 0 0
284 3 0 0 1 0 0 0 0 0
285 2 0 0 1 0 0 0 0 0
fn=dfs_traversal.part.0
140 128 2 2 0 0 0 64 0 0
145 10 0 0 2 0 0 2 0 0
148 16 2 2 16 0 0 0 0 0
150 48 0 0 16 3 3 0 0 0
152 208 0 0 53 7 7 0 0 0
155 76 0 0 38 0 0 0 0 0
161 56 1 1 8 0 0 0 0 0
176 48 0 0 16 0 0 16 0 0
177 16 0 0 0 0 0 16 0 0
178 96 1 1 80 0 0 0 0 0
fl=./elf/./elf/dl-tunables.c
fn=__GI___tunable_set_val
102 45 1 1 5 0 0 0 0 0
111 5 0 0 5 0 0 0 0 0
112 25 0 0 10 0 0 0 0 0
113 40 1 1 10 0 0 0 0 0
116 15 0 0 0 0 0 0 0 0
119 10 0 0 0 0 0 0 0 0
123 10 0 0 0 0 0 0 0 0
130 10 1 1 0 0 0 0 0 0
131 10 0 0 0 0 0 0 0 0
134 30 0 0 0 0 0 5 0 0
135 5 0 0 0 0 0 5 0 0
136 5 0 0 0 0 0 5 0 0
137 5 0 0 0 0 0 5 0 0
157 25 1 1 0 0 0 0 0 0
161 5 0 0 5 0 0 0 0 0
fn=__GI___tunables_init
71 170 0 0 34 0 0 0 0 0
74 66 0 0 0 0 0 0 0 0
77 2380 1 1 340 15 15 0 0 0
81 66 1 1 0 0 0 0 0 0
86 132 0 0 0 0 0 0 0 0
273 7 0 0 1 0 0 0 0 0
282 9 2 2 0 0 0 6 1 1
305 4620 0 0 0 0 0 0 0 0
311 7260 1 1 2310 35 35 0 0 0
323 132 0 0 33 0 0 0 0 0
357 8 0 0 7 0 0 0 0 0
fn=__tunable_get_val
405 37 1 1 0 0 0 0 0 0
408 401 1 1 37 28 17 0 0 0
417 47 0 0 37 2 0 10 0 0
427 27 0 0 0 0 0 27 0 0
428 27 0 0 0 0 0 0 0 0
434 185 0 0 37 7 0 0 0 0
436 37 1 1 37 0 0 0 0 0
fl=./elf/./elf/dl-tunables.h
fn=__GI___tunable_set_val
121 10 0 0 0 0 0 0 0 0
122 5 0 0 0 0 0 0 0 0
131 20 1 1 0 0 0 0 0 0
fn=__GI___tunables_init
140 580 0 0 388 1 1 0 0 0
141 1436 1 1 0 0 0 0 0 0
fl=./elf/./elf/dl-version.c
fn=_dl_check_all_versions
361 6 1 1 0 0 0 4 0 0
363 2 0 0 0 0 0 0 0 0
365 29 0 0 8 0 0 0 0 0
366 8 0 0 0 0 0 0 0 0
367 72 1 1 8 0 0 8 0 0
370 7 0 0 5 0 0 0 0 0
fn=_dl_check_map_versions
36 221 1 1 26 0 0 0 0 0
37 65 0 0 65 0 0 0 0 0
38 390 1 1 0 0 0 78 0 0
56 224 0 0 168 0 0 0 0 0
64 168 1 1 56 0 0 0 0 0
70 168 0 0 56 0 0 0 0 0
86 56 0 0 56 1 0 0 0 0
87 112 0 0 0 0 0 0 0 0
89 56 0 0 56 0 0 0 0 0
94 2058 1 1 833 40 40 112 0 0
108 1666 0 0 833 10 10 0 0 0
110 56 1 1 56 1 1 0 0 0
113 461 0 0 69 3 2 56 0 0
120 2331 0 0 777 11 11 0 0 0
124 777 0 0 0 0 0 0 0 0
142 26 0 0 0 0 0 26 0 0
155 80 2 2 0 0 0 64 0 0
156 8 0 0 0 0 0 8 0 0
164 8 1 1 0 0 0 0 0 0
170 24 0 0 8 0 0 0 0 0
172 40 0 0 16 0 0 8 0 0
174 16 0 0 8 1 0 8 0 0
175 16 1 1 8 0 0 8 0 0
177 16 0 0 0 0 0 0 0 0
180 18 0 0 12 0 0 6 0 0
184 18 0 0 6 6 6 0 0 0
197 7 0 0 0 0 0 0 0 0
198 7 0 0 0 0 0 0 0 0
200 26 0 0 26 2 2 0 0 0
208 39 0 0 13 0 0 0 0 0
213 52 0 0 26 1 1 0 0 0
217 523 1 1 422 0 0 0 0 0
219 56 0 0 56 5 5 0 0 0
221 155 0 0 56 8 8 56 0 0
224 224 1 1 56 0 0 0 0 0
227 168 0 0 56 0 0 0 0 0
232 43 0 0 0 0 0 0 0 0
236 52 1 1 26 0 0 0 0 0
241 14 0 0 0 0 0 7 0 0
250 17 2 2 8 0 0 0 0 0
253 24 0 0 18 0 0 0 0 0
256 612 0 0 153 11 11 0 0 0
259 459 0 0 153 9 9 0 0 0
263 147 0 0 0 0 0 0 0 0
267 14 1 1 0 0 0 0 0 0
272 7 0 0 0 0 0 7 1 0
273 14 0 0 0 0 0 0 0 0
274 14 0 0 0 0 0 0 0 0
284 7 0 0 0 0 0 7 0 0
287 35 1 1 21 1 0 7 0 0
289 21 0 0 7 0 0 0 0 0
292 24 0 0 18 0 0 0 0 0
294 7 0 0 0 0 0 0 0 0
296 39 0 0 13 0 0 0 0 0
299 168 2 2 56 0 0 0 0 0
301 224 0 0 0 0 0 0 0 0
303 280 0 0 56 0 0 56 0 0
304 112 0 0 0 0 0 56 19 19
305 168 0 0 56 0 0 56 5 5
306 168 0 0 56 0 0 56 0 0
309 168 0 0 56 0 0 0 0 0
314 43 0 0 0 0 0 0 0 0
317 39 0 0 13 0 0 0 0 0
322 7 0 0 0 0 0 0 0 0
327 21 1 1 7 0 0 0 0 0
330 24 0 0 18 0 0 0 0 0
334 147 0 0 147 0 0 0 0 0
336 306 0 0 153 0 0 0 0 0
340 147 0 0 147 0 0 0 0 0
341 735 0 0 147 0 0 147 40 40
342 441 0 0 147 0 0 147 0 0
343 147 0 0 0 0 0 147 17 17
346 459 0 0 153 0 0 0 0 0
350 147 0 0 0 0 0 0 0 0
356 72 1 1 64 0 0 0 0 0
fl=./elf/./elf/do-rel.h
fn=_dl_relocate_object
49 48 0 0 16 0 0 16 0 0
50 16 1 1 8 0 0 0 0 0
52 12 0 0 0 0 0 7 0 0
53 14 1 1 0 0 0 9 0 0
60 48 0 0 16 0 0 0 0 0
63 3871 1 1 5 0 0 0 0 0
65 5108 1 1 1277 478 478 0 0 0
67 171 0 0 0 0 0 0 0 0
76 30 0 0 0 0 0 0 0 0
77 195 0 0 2 0 0 0 0 0
78 114 0 0 57 0 0 0 0 0
86 66 1 1 33 0 0 11 0 0
88 22 0 0 0 0 0 0 0 0
100 33 1 1 0 0 0 0 0 0
110 18 0 0 0 0 0 0 0 0
113 6454 0 0 0 0 0 0 0 0
114 4286 0 0 2143 273 269 0 0 0
120 44 0 0 11 8 0 11 1 0
124 36 0 0 18 2 0 9 0 0
126 10311 1 1 3440 0 0 0 0 0
128 17155 0 0 10293 1825 1104 0 0 0
129 13724 0 0 3431 0 0 3431 0 0
130 10293 1 1 6862 0 0 3431 0 0
131 13724 0 0 3431 2 0 0 0 0
133 10293 1 1 0 0 0 0 0 0
135 10 1 1 2 0 0 4 0 0
138 2 0 0 0 0 0 0 0 0
142 3429 0 0 0 0 0 3429 0 0
145 10353 2 2 3429 0 0 0 0 0
146 108 1 1 36 0 0 0 0 0
158 35 1 1 14 0 0 0 0 0
159 16 1 1 2 0 0 0 0 0
160 6 1 1 2 0 0 0 0 0
163 6 0 0 4 0 0 0 0 0
165 8 0 0 2 0 0 2 0 0
166 2 0 0 2 0 0 0 0 0
167 6 0 0 4 0 0 2 0 0
175 25 0 0 8 0 0 1 0 0
177 42 1 1 12 1 1 6 0 0
178 12 0 0 12 0 0 0 0 0
180 18 0 0 0 0 0 0 0 0
188 6 0 0 0 0 0 6 0 0
191 18 0 0 6 0 0 0 0 0
205 4 0 0 1 0 0 0 0 0
fn=_dl_start
49 4 0 0 2 0 0 0 0 0
50 1 0 0 1 0 0 0 0 0
86 10 0 0 4 0 0 0 0 0
88 4 0 0 0 0 0 0 0 0
113 431 0 0 0 0 0 0 0 0
114 284 1 1 142 18 18 0 0 0
118 4 0 0 2 0 0 0 0 0
126 28 0 0 0 0 0 0 0 0
128 21 1 1 7 2 2 0 0 0
129 14 0 0 0 0 0 0 0 0
130 14 0 0 7 0 0 0 0 0
fl=./elf/./elf/get-dynamic-info.h
fn=_dl_map_object_from_fd
39 12 0 0 0 0 0 0 0 0
43 6 0 0 0 0 0 0 0 0
45 610 0 0 154 44 44 0 0 0
49 296 0 0 0 0 0 0 0 0
54 158 1 1 0 0 0 0 0 0
55 108 0 0 0 0 0 0 0 0
56 30 0 0 0 0 0 0 0 0
58 6 0 0 0 0 0 0 0 0
59 30 1 1 0 0 0 0 0 0
61 6 0 0 0 0 0 0 0 0
62 30 2 2 0 0 0 0 0 0
64 30 0 0 0 0 0 0 0 0
68 148 0 0 0 0 0 148 35 35
72 24 0 0 6 0 0 0 0 0
82 20 1 1 8 0 0 0 0 0
83 24 0 0 12 0 0 0 0 0
84 24 0 0 12 0 0 0 0 0
85 24 0 0 12 0 0 0 0 0
87 24 0 0 12 0 0 0 0 0
92 23 1 1 11 1 1 0 0 0
93 23 0 0 11 1 1 0 0 0
94 24 0 0 12 0 0 0 0 0
97 18 0 0 6 0 0 0 0 0
102 10 0 0 5 0 0 0 0 0
109 12 1 1 6 0 0 0 0 0
110 18 0 0 12 0 0 0 0 0
132 18 0 0 6 1 1 0 0 0
137 6 0 0 3 0 0 3 0 0
139 6 0 0 0 0 0 0 0 0
141 6 0 0 0 0 0 0 0 0
143 6 0 0 0 0 0 0 0 0
147 18 1 1 6 0 0 0 0 0
149 3 0 0 1 0 0 1 0 0
150 2 0 0 0 0 0 0 0 0
159 2 1 1 1 0 0 0 0 0
160 3 1 1 0 0 0 0 0 0
165 2 0 0 0 0 0 0 0 0
169 12 0 0 6 0 0 0 0 0
fl=./elf/./elf/libc_early_init.c
fn=__libc_early_init
33 7 1 1 1 0 0 2 0 0
35 1 0 0 0 0 0 1 0 0
38 2 1 1 1 1 0 1 1 1
41 1 0 0 0 0 0 1 1 1
47 4 0 0 2 0 0 0 0 0
49 2 0 0 1 0 0 0 0 0
fl=./elf/./elf/rtld.c
fn=_dl_start
85 8 1 1 0 0 0 2 1 1
488 3 0 0 0 0 0 1 0 0
489 1 0 0 0 0 0 1 0 0
490 6 0 0 0 0 0 1 0 0
492 2 1 1 0 0 0 1 1 1
501 1 0 0 0 0 0 1 0 0
507 4 1 0 1 0 0 1 0 0
509 2 0 0 1 0 0 0 0 0
527 10 2 2 0 0 0 7 1 1
553 1 0 0 0 0 0 1 1 1
556 2 1 1 0 0 0 1 1 1
557 1 0 0 1 1 1 0 0 0
573 56 3 3 12 0 0 8 1 1
575 1 1 1 1 0 0 0 0 0
588 1 0 0 0 0 0 1 1 1
592 2 0 0 0 0 0 1 0 0
607 9 0 0 7 1 0 0 0 0
fn=dl_main
85 16 3 3 0 0 0 1 0 0
92 12 1 1 0 0 0 0 0 0
93 2 0 0 1 0 0 1 0 0
101 7 0 0 3 0 0 0 0 0
205 2 0 0 0 0 0 1 0 0
207 1 1 1 0 0 0 1 0 0
232 2 1 1 2 1 1 0 0 0
233 4 1 1 3 0 0 0 0 0
234 4 0 0 0 0 0 0 0 0
304 3 0 0 0 0 0 3 0 0
310 1 0 0 0 0 0 1 0 0
311 2 0 0 0 0 0 1 0 0
862 1 0 0 1 0 0 0 0 0
864 1 1 1 0 0 0 1 0 0
870 1 0 0 1 0 0 0 0 0
873 1 0 0 0 0 0 1 0 0
875 1 0 0 0 0 0 1 0 0
880 1 0 0 0 0 0 1 0 0
1140 2 0 0 1 0 0 1 0 0
1143 1 0 0 0 0 0 1 0 0
1146 1 0 0 0 0 0 1 0 0
1148 2 0 0 1 1 1 1 1 1
1150 1 0 0 1 0 0 0 0 0
1151 1 0 0 1 0 0 0 0 0
1166 1 0 0 0 0 0 0 0 0
1169 46 4 4 2 0 0 0 0 0
1170 117 1 1 22 7 7 0 0 0
1174 3 1 1 2 0 0 1 0 0
1179 3 1 1 2 0 0 1 0 0
1180 9 0 0 2 0 0 1 0 0
1189 2 0 0 0 0 0 1 0 0
1190 2 0 0 2 1 1 0 0 0
1192 1 0 0 0 0 0 1 0 0
1199 3 1 1 1 0 0 0 0 0
1211 1 0 0 0 0 0 0 0 0
1217 1 0 0 0 0 0 1 0 0
1225 8 0 0 4 0 0 0 0 0
1226 18 2 2 5 1 1 0 0 0
1227 8 0 0 4 0 0 0 0 0
1228 1 0 0 0 0 0 1 0 0
1230 12 0 0 4 0 0 0 0 0
1231 14 1 1 0 0 0 0 0 0
1235 8 0 0 4 3 3 0 0 0
1236 8 0 0 4 0 0 0 0 0
1237 4 0 0 0 0 0 4 0 0
1238 10 0 0 5 0 0 0 0 0
1239 1 0 0 0 0 0 1 0 0
1243 12 1 1 0 0 0 0 0 0
1271 2 0 0 1 0 0 1 1 1
1275 4 0 0 2 1 1 1 0 0
1277 1 0 0 0 0 0 0 0 0
1281 26 0 0 13 0 0 0 0 0
1282 61 1 1 13 0 0 0 0 0
1288 17 0 0 0 0 0 1 0 0
1294 3 0 0 1 1 1 0 0 0
1297 4 0 0 2 0 0 0 0 0
1299 3 1 1 1 0 0 0 0 0
1301 2 0 0 1 0 0 0 0 0
1320 14 2 2 0 0 0 10 1 1
1325 1 0 0 0 0 0 0 0 0
1326 1 0 0 0 0 0 1 0 0
1332 1 0 0 0 0 0 1 1 1
1348 3 0 0 2 0 0 1 0 0
1349 4 1 1 2 0 0 0 0 0
1627 10 2 2 0 0 0 2 0 0
1629 2 0 0 0 0 0 0 0 0
1630 2 0 0 1 0 0 1 0 0
1631 2 0 0 1 0 0 1 0 0
1632 3 1 1 2 0 0 1 0 0
1636 3 0 0 0 0 0 1 0 0
1637 2 0 0 1 0 0 0 0 0
1662 3 0 0 1 0 0 0 0 0
1663 6 0 0 2 0 0 1 0 0
1664 3 1 1 2 0 0 0 0 0
1665 3 0 0 3 0 0 0 0 0
1668 1 0 0 0 0 0 1 0 0
1670 1 0 0 0 0 0 1 1 1
1671 1 1 1 0 0 0 1 1 1
1673 2 0 0 1 0 0 0 0 0
1674 2 0 0 0 0 0 1 0 0
1678 2 0 0 1 0 0 0 0 0
1680 2 0 0 1 0 0 0 0 0
1688 3 0 0 1 0 0 0 0 0
1695 2 1 1 0 0 0 1 0 0
1698 2 0 0 1 0 0 0 0 0
1723 9 0 0 1 0 0 2 0 0
1731 4 0 0 1 0 0 2 0 0
1733 1 0 0 0 0 0 1 0 0
1738 2 0 0 1 0 0 0 0 0
1741 4 1 1 2 0 0 1 0 0
1742 4 0 0 1 0 0 1 0 0
1743 2 0 0 0 0 0 1 0 0
1744 1 0 0 0 0 0 1 0 0
1745 1 1 1 1 0 0 0 0 0
1746 1 0 0 1 0 0 0 0 0
1751 2 0 0 1 0 0 0 0 0
1752 3 1 1 1 0 0 1 0 0
1764 2 0 0 1 1 1 0 0 0
1765 2 0 0 1 0 0 0 0 0
1767 2 0 0 1 0 0 0 0 0
1769 1 0 0 0 0 0 1 0 0
1770 3 1 1 1 0 0 1 0 0
1775 5 0 0 0 0 0 0 0 0
1776 5 0 0 1 1 1 0 0 0
1778 4 1 1 2 1 1 1 1 1
1784 2 0 0 1 1 1 0 0 0
1786 3 1 1 2 0 0 0 0 0
1793 2 1 1 1 0 0 0 0 0
1797 1 1 1 0 0 0 1 0 0
1798 2 0 0 1 0 0 0 0 0
1822 2 0 0 0 0 0 2 0 0
1828 2 0 0 1 0 0 1 0 0
1829 1 0 0 0 0 0 1 0 0
1830 1 1 1 0 0 0 0 0 0
1834 3 0 0 0 0 0 1 0 0
1839 3 0 0 2 0 0 0 0 0
1841 1 0 0 0 0 0 0 0 0
1843 2 0 0 1 0 0 0 0 0
1847 5 0 0 1 0 0 1 0 0
1852 2 0 0 1 0 0 0 0 0
1868 6 1 1 0 0 0 1 0 0
1944 4 0 0 2 0 0 0 0 0
1948 19 3 3 1 0 0 0 0 0
1949 1 0 0 0 0 0 0 0 0
1952 3 0 0 0 0 0 1 0 0
1953 1 0 0 1 0 0 0 0 0
1954 2 0 0 0 0 0 0 0 0
1955 2 0 0 0 0 0 0 0 0
1960 3 0 0 1 0 0 0 0 0
1970 8 0 0 1 0 0 1 0 0
1976 35 1 1 1 0 0 0 0 0
1977 19 0 0 17 0 0 0 0 0
1980 4 0 0 3 0 0 1 0 0
1981 3 1 1 1 0 0 0 0 0
1982 1 0 0 0 0 0 1 0 0
1984 27 0 0 0 0 0 0 0 0
1985 25 1 1 8 0 0 0 0 0
1995 2 1 1 0 0 0 1 0 0
1997 3 0 0 1 0 0 1 0 0
1998 2 0 0 0 0 0 0 0 0
2000 2 0 0 0 0 0 1 0 0
2002 3 0 0 0 0 0 0 0 0
2004 3 0 0 1 0 0 0 0 0
2005 1 0 0 1 0 0 0 0 0
2006 2 1 1 0 0 0 0 0 0
2018 2 0 0 0 0 0 0 0 0
2019 2 0 0 0 0 0 1 0 0
2020 3 0 0 1 0 0 0 0 0
2031 4 1 1 0 0 0 1 0 0
2032 4 0 0 0 0 0 1 0 0
2033 5 1 1 0 0 0 1 0 0
2043 2 0 0 1 1 0 1 0 0
2044 2 0 0 0 0 0 0 0 0
2045 4 1 1 0 0 0 1 0 0
2047 2 0 0 1 0 0 0 0 0
2052 3 0 0 1 0 0 0 0 0
2282 3 0 0 1 1 0 0 0 0
2331 1 0 0 1 0 0 0 0 0
2338 2 0 0 0 0 0 1 0 0
2342 2 1 1 1 0 0 1 0 0
2348 2 0 0 1 0 0 1 0 0
2351 2 0 0 0 0 0 0 0 0
2359 2 0 0 2 0 0 0 0 0
2361 2 0 0 0 0 0 0 0 0
2415 3 1 1 1 0 0 0 0 0
2418 1 1 1 1 0 0 0 0 0
2422 1 0 0 1 0 0 0 0 0
2423 38 2 2 1 1 0 1 0 0
2425 16 0 0 16 4 0 0 0 0
2430 16 0 0 16 6 0 0 0 0
2432 18 0 0 0 0 0 0 0 0
2434 1 1 1 0 0 0 1 0 0
2435 1 0 0 1 0 0 0 0 0
2438 8 0 0 8 0 0 0 0 0
2440 24 1 1 0 0 0 0 0 0
2441 56 0 0 14 6 0 7 0 0
2445 22 0 0 11 4 0 0 0 0
2446 9 0 0 0 0 0 3 0 0
2454 2 1 1 1 0 0 0 0 0
2459 4 0 0 2 0 0 0 0 0
2461 1 0 0 1 0 0 0 0 0
2468 3 0 0 0 0 0 1 0 0
2471 2 1 1 1 0 0 0 0 0
2481 3 1 1 2 1 0 0 0 0
2483 4 0 0 1 0 0 0 0 0
2493 1 0 0 0 0 0 1 0 0
2498 2 0 0 0 0 0 1 0 0
2501 1 0 0 0 0 0 1 0 0
2507 1 0 0 1 0 0 0 0 0
2508 5 0 0 1 0 0 1 0 0
2516 3 0 0 1 0 0 1 0 0
2523 1 0 0 0 0 0 1 0 0
2527 3 1 1 0 0 0 1 0 0
2532 3 0 0 0 0 0 1 0 0
2533 1 0 0 0 0 0 1 0 0
2534 1 0 0 0 0 0 1 0 0
2535 1 0 0 0 0 0 0 0 0
2539 1 0 0 0 0 0 1 0 0
2544 8 0 0 7 2 0 0 0 0
2677 3 0 0 1 0 0 2 0 0
2679 1 0 0 0 0 0 0 0 0
2683 6 1 1 1 0 0 1 1 1
2685 16 0 0 0 0 0 3 0 0
2687 2 0 0 0 0 0 0 0 0
2689 107 0 0 21 0 0 0 0 0
2690 19 1 1 0 0 0 0 0 0
2698 13 0 0 2 1 1 0 0 0
2719 2 1 1 1 0 0 0 0 0
2726 6 1 1 3 0 0 0 0 0
2728 2 0 0 0 0 0 1 0 0
2729 1 0 0 0 0 0 0 0 0
2774 3 1 1 1 0 0 0 0 0
2775 5 1 1 2 0 0 0 0 0
2777 2 1 1 0 0 0 1 0 0
2778 2 0 0 0 0 0 1 0 0
2779 1 0 0 0 0 0 0 0 0
2818 1 0 0 0 0 0 0 0 0
2829 1 0 0 0 0 0 0 0 0
2845 4 1 1 1 0 0 0 0 0
2877 2 0 0 0 0 0 0 0 0
fn=handle_preload_list
191 3 1 1 1 0 0 0 0 0
831 1 1 1 0 0 0 1 0 0
835 1 0 0 0 0 0 1 0 0
836 2 0 0 1 0 0 1 0 0
837 1 0 0 0 0 0 1 0 0
839 1 0 0 1 0 0 0 0 0
841 7 0 0 0 0 0 1 0 0
842 3 0 0 1 0 0 0 0 0
850 3 0 0 1 0 0 0 0 0
894 12 1 1 1 1 1 8 1 1
895 3 1 1 0 0 0 0 0 0
899 5 0 0 2 0 0 0 0 0
902 4 0 0 0 0 0 1 1 1
903 3 0 0 0 0 0 0 0 0
905 5 1 1 0 0 0 1 0 0
906 2 0 0 0 0 0 1 0 0
912 1 0 0 0 0 0 0 0 0
914 2 0 0 1 0 0 0 0 0
916 2 0 0 1 0 0 0 0 0
917 1 0 0 0 0 0 0 0 0
920 9 0 0 7 0 0 0 0 0
fn=init_tls
756 3 1 1 0 0 0 2 0 0
758 2 0 0 1 0 0 1 0 0
762 3 0 0 1 0 0 0 0 0
768 2 1 1 0 0 0 1 1 1
771 1 0 0 0 0 0 1 0 0
772 1 0 0 0 0 0 0 0 0
773 1 0 0 0 0 0 0 0 0
777 1 0 0 0 0 0 0 0 0
779 1 0 0 0 0 0 1 0 0
783 2 0 0 1 1 1 0 0 0
784 2 0 0 0 0 0 0 0 0
785 20 1 1 1 0 0 0 0 0
786 8 1 1 8 0 0 0 0 0
787 16 0 0 8 4 0 0 0 0
791 9 0 0 0 0 0 3 0 0
793 3 0 0 0 0 0 0 0 0
795 3 0 0 1 0 0 0 0 0
798 2 1 1 0 0 0 1 0 0
801 1 0 0 0 0 0 1 0 0
808 2 0 0 0 0 0 1 0 0
809 2 0 0 0 0 0 0 0 0
815 2 0 0 1 0 0 1 0 0
818 8 0 0 0 0 0 2 0 0
821 1 0 0 0 0 0 1 0 0
822 1 0 0 0 0 0 1 0 0
825 5 0 0 3 0 0 0 0 0
fn=map_doit
663 3 1 1 0 0 0 1 0 0
665 4 0 0 1 0 0 0 0 0
666 6 1 1 2 0 0 2 0 0
668 2 0 0 2 0 0 0 0 0
fn=version_check_doit
696 3 1 1 0 0 0 1 0 0
698 6 1 1 2 0 0 1 0 0
702 2 0 0 2 0 0 0 0 0
fl=./elf/./get-dynamic-info.h
fn=_dl_start
45 75 0 0 19 5 5 0 0 0
49 36 1 1 0 0 0 0 0 0
54 21 0 0 0 0 0 0 0 0
55 14 0 0 0 0 0 0 0 0
56 5 0 0 0 0 0 0 0 0
58 1 0 0 0 0 0 0 0 0
59 5 1 1 0 0 0 0 0 0
61 1 0 0 0 0 0 0 0 0
62 5 1 1 0 0 0 0 0 0
64 5 0 0 0 0 0 0 0 0
68 19 0 0 0 0 0 18 6 6
72 3 0 0 0 0 0 0 0 0
82 4 1 1 2 0 0 0 0 0
83 4 0 0 2 0 0 0 0 0
84 4 0 0 2 0 0 0 0 0
85 4 0 0 2 0 0 0 0 0
87 4 1 1 2 0 0 0 0 0
92 4 0 0 2 0 0 0 0 0
93 4 0 0 2 0 0 0 0 0
94 4 0 0 2 0 0 0 0 0
97 3 1 1 1 0 0 0 0 0
102 2 0 0 1 0 0 0 0 0
109 3 0 0 1 0 0 0 0 0
110 3 0 0 2 0 0 0 0 0
118 2 0 0 1 1 1 0 0 0
119 2 1 1 1 0 0 0 0 0
124 3 0 0 1 0 0 0 0 0
127 3 0 0 1 0 0 0 0 0
fn=dl_main
39 3 1 1 1 0 0 0 0 0
43 1 0 0 0 0 0 0 0 0
45 119 0 0 30 8 8 0 0 0
49 58 1 1 0 0 0 0 0 0
54 25 0 0 0 0 0 0 0 0
55 17 0 0 0 0 0 0 0 0
56 5 0 0 0 0 0 0 0 0
58 1 0 0 0 0 0 0 0 0
59 5 1 1 0 0 0 0 0 0
61 1 0 0 0 0 0 0 0 0
62 5 0 0 0 0 0 0 0 0
64 5 0 0 0 0 0 0 0 0
68 29 0 0 0 0 0 29 6 6
72 5 2 2 2 0 0 0 0 0
82 3 0 0 1 0 0 0 0 0
83 4 0 0 2 0 0 0 0 0
84 4 1 1 2 0 0 0 0 0
85 4 0 0 2 0 0 0 0 0
87 4 0 0 2 0 0 0 0 0
92 4 0 0 2 0 0 0 0 0
93 4 1 1 2 0 0 0 0 0
94 5 0 0 2 0 0 0 0 0
97 3 0 0 1 0 0 0 0 0
102 2 0 0 1 0 0 0 0 0
109 2 0 0 1 0 0 0 0 0
110 3 0 0 2 0 0 0 0 0
132 3 1 1 1 0 0 0 0 0
137 2 0 0 1 0 0 1 0 0
139 2 0 0 0 0 0 0 0 0
141 2 0 0 0 0 0 0 0 0
143 2 0 0 0 0 0 0 0 0
144 1 0 0 0 0 0 1 0 0
147 3 1 1 1 0 0 0 0 0
149 3 0 0 1 0 0 1 0 0
150 2 0 0 0 0 0 0 0 0
159 2 0 0 1 0 0 0 0 0
160 3 1 1 0 0 0 0 0 0
165 2 0 0 0 0 0 0 0 0
166 2 0 0 1 0 0 1 0 0
169 2 1 1 1 0 0 0 0 0
fl=./elf/./setup-vdso.h
fn=dl_main
24 2 0 0 1 1 1 0 0 0
fl=./iconv/./iconv/gconv_simple.c
fn=__gconv_btwoc_ascii
49 128 1 1 0 0 0 0 0 0
51 512 1 1 0 0 0 0 0 0
54 128 0 0 128 0 0 0 0 0
fl=./io/../sysdeps/unix/sysv/linux/access.c
fn=access
25 1 1 1 0 0 0 0 0 0
27 7 0 0 0 0 0 1 0 0
31 1 0 0 1 0 0 0 0 0
fl=./io/../sysdeps/unix/sysv/linux/close_nocancel.c
fn=__GI___close_nocancel
25 7 1 1 0 0 0 0 0 0
26 28 0 0 0 0 0 0 0 0
27 7 0 0 7 0 0 0 0 0
fn=__close_nocancel
25 1 1 1 0 0 0 0 0 0
26 4 0 0 0 0 0 0 0 0
27 1 0 0 1 0 0 0 0 0
fl=./io/../sysdeps/unix/sysv/linux/fstat64.c
fn=fstat
29 18 3 3 0 0 0 0 0 0
30 18 0 0 0 0 0 0 0 0
35 27 0 0 0 0 0 0 0 0
fl=./io/../sysdeps/unix/sysv/linux/fstatat64.c
fn=fstatat
98 38 0 0 0 0 0 0 0 0
153 38 3 3 0 0 0 0 0 0
167 18 0 0 0 0 0 9 0 0
168 66 2 2 9 0 0 0 0 0
169 10 0 0 10 0 0 0 0 0
fl=./io/../sysdeps/unix/sysv/linux/open64_nocancel.c
fn=__open_nocancel
28 92 2 2 1 0 0 23 2 2
31 154 2 2 0 0 0 0 0 0
39 196 0 0 0 0 0 14 0 0
41 26 0 0 24 0 0 0 0 0
fl=./io/../sysdeps/unix/sysv/linux/pread64_nocancel.c
fn=__pread64_nocancel
25 8 1 1 0 0 0 0 0 0
26 16 0 0 0 0 0 0 0 0
27 4 0 0 4 0 0 0 0 0
fl=./io/../sysdeps/unix/sysv/linux/read_nocancel.c
fn=__read_nocancel
25 6 1 1 0 0 0 0 0 0
26 24 0 0 0 0 0 0 0 0
27 6 0 0 6 0 0 0 0 0
fl=./io/../sysdeps/unix/sysv/linux/stat64.c
fn=stat
28 20 1 1 0 0 0 0 0 0
29 40 0 0 0 0 0 0 0 0
fl=./io/../sysdeps/unix/sysv/linux/write.c
fn=write
25 350 1 1 0 0 0 0 0 0
26 2450 1 1 350 0 0 0 0 0
27 350 0 0 350 0 0 0 0 0
fl=./libio/../include/sys/sysmacros.h
fn=_IO_file_doallocate
47 6 0 0 0 0 0 0 0 0
fl=./libio/./libio/filedoalloc.c
fn=_IO_file_doallocate
78 9 1 1 1 0 0 4 0 0
84 9 1 1 3 2 2 1 1 1
86 4 1 1 1 0 0 0 0 0
89 2 0 0 0 0 0 0 0 0
91 2 1 1 1 0 0 0 0 0
94 2 0 0 1 0 0 0 0 0
97 4 0 0 1 0 0 0 0 0
101 3 0 0 0 0 0 1 0 0
102 2 0 0 0 0 0 0 0 0
104 4 0 0 0 0 0 1 0 0
105 1 1 1 0 0 0 0 0 0
106 8 0 0 6 0 0 0 0 0
fl=./libio/./libio/fileops.c
fn=_IO_do_write@@GLIBC_2.2.5
423 3501 2 2 0 0 0 2100 0 0
425 2453 0 0 0 0 0 0 0 0
426 2801 0 0 2451 0 0 0 0 0
433 700 0 0 350 0 0 0 0 0
440 1400 1 1 700 0 0 0 0 0
443 350 0 0 350 0 0 0 0 0
448 1750 0 0 350 99 99 350 0 0
449 1750 0 0 350 0 0 0 0 0
451 1050 0 0 350 0 0 700 0 0
452 700 0 0 0 0 0 350 0 0
453 350 0 0 0 0 0 350 0 0
454 700 1 1 350 0 0 0 0 0
455 1400 2 2 350 0 0 0 0 0
fn=_IO_file_overflow@@GLIBC_2.2.5
731 1885 1 1 0 0 0 1131 0 0
732 1508 0 0 377 0 0 0 0 0
739 1883 0 0 377 0 0 0 0 0
742 2 1 1 0 0 0 0 0 0
744 2 1 1 0 0 0 1 0 0
745 6 0 0 1 0 0 2 0 0
754 3 1 1 1 0 0 0 0 0
763 3 0 0 1 0 0 0 0 0
765 1 0 0 0 0 0 1 0 0
766 1 0 0 0 0 0 1 0 0
767 2 0 0 0 0 0 1 0 0
768 3 0 0 1 0 0 2 0 0
770 3 0 0 0 0 0 1 0 0
771 5 1 1 1 0 0 0 0 0
772 1 0 0 0 0 0 1 0 0
774 754 0 0 0 0 0 0 0 0
775 2 0 0 0 0 0 0 0 0
776 377 0 0 376 0 0 0 0 0
777 752 0 0 376 0 0 0 0 0
780 1128 0 0 0 0 0 752 1 1
781 1128 0 0 376 0 0 0 0 0
782 1504 0 0 0 0 0 0 0 0
783 1400 1 1 0 0 0 350 0 0
784 1050 0 0 700 0 0 0 0 0
786 376 0 0 0 0 0 0 0 0
787 1507 0 0 1507 0 0 0 0 0
fn=_IO_file_setbuf@@GLIBC_2.2.5
381 3 1 1 0 0 0 1 0 0
382 3 0 0 0 0 0 1 0 0
385 1 0 0 1 0 0 0 0 0
387 3 1 1 0 0 0 3 0 0
389 2 0 0 0 0 0 0 0 0
390 2 0 0 2 0 0 0 0 0
fn=_IO_file_stat
1146 1 1 1 0 0 0 0 0 0
1147 2 0 0 1 0 0 0 0 0
fn=_IO_file_sync@@GLIBC_2.2.5
792 1805 1 1 0 0 0 722 0 0
797 1444 2 2 722 1 1 0 0 0
799 361 0 0 361 0 0 0 0 0
800 722 0 0 361 0 0 0 0 0
811 722 2 2 0 0 0 361 0 0
815 1444 0 0 1083 0 0 0 0 0
fn=_IO_file_write@@GLIBC_2.2.5
1173 2450 1 1 0 0 0 1400 0 0
1175 2800 0 0 0 0 0 0 0 0
1179 1050 1 1 350 0 0 0 0 0
1180 1050 0 0 350 0 0 350 0 0
1181 700 0 0 0 0 0 0 0 0
1186 350 0 0 0 0 0 0 0 0
1187 350 0 0 0 0 0 0 0 0
1189 1050 1 1 0 0 0 0 0 0
1190 1050 0 0 350 0 0 0 0 0
1193 2100 0 0 1750 0 0 0 0 0
fn=_IO_file_xsputn@@GLIBC_2.2.5
1197 6400 1 1 0 0 0 4800 148 148
1203 3200 0 0 0 0 0 0 0 0
1204 800 0 0 0 0 0 0 0 0
1210 3200 0 0 800 0 0 0 0 0
1212 3198 0 0 1599 99 99 0 0 0
1213 1598 0 0 0 0 0 0 0 0
1216 19517 2 2 0 0 0 0 0 0
1218 23283 0 0 7761 298 298 0 0 0
1227 3 0 0 1 0 0 0 0 0
1231 1 1 1 0 0 0 0 0 0
1233 799 0 0 0 0 0 0 0 0
1235 3196 0 0 0 0 0 1598 0 0
1236 799 0 0 0 0 0 0 0 0
1237 2397 0 0 0 0 0 0 0 0
1239 1598 0 0 0 0 0 0 0 0
1243 6 0 0 2 0 0 1 0 0
1249 2 0 0 2 0 0 0 0 0
1250 7 0 0 0 0 0 0 0 0
1252 2 0 0 0 0 0 0 0 0
1263 3 1 1 0 0 0 0 0 0
1264 4 0 0 0 0 0 1 0 0
1266 3 0 0 0 0 0 0 0 0
1267 7200 1 1 5600 0 0 0 0 0
fl=./libio/./libio/genops.c
fn=_IO_cleanup
786 6 1 1 0 0 0 3 0 0
787 11 1 1 4 0 0 2 0 0
790 12 0 0 4 0 0 0 0 0
799 9 1 1 3 1 1 0 0 0
801 6 0 0 2 0 0 0 0 0
807 13 1 1 5 0 0 2 0 0
815 5 1 1 2 0 0 0 0 0
817 2 0 0 0 0 0 1 0 0
819 4 2 2 2 0 0 1 0 0
820 1 0 0 0 0 0 1 0 0
824 5 0 0 2 0 0 1 0 0
826 3 0 0 1 0 0 0 0 0
830 5 1 1 1 0 0 0 0 0
831 8 0 0 3 0 0 2 0 0
838 3 0 0 0 0 0 3 0 0
842 9 1 1 3 0 0 2 0 0
843 2 0 0 0 0 0 1 0 0
863 11 1 1 1 0 0 7 0 0
866 3 0 0 0 0 0 1 0 0
878 12 0 0 9 0 0 0 0 0
fn=_IO_default_setbuf
330 5 1 1 1 0 0 0 0 0
332 4 0 0 0 0 0 1 0 0
337 2 0 0 0 0 0 1 0 0
452 9 2 2 0 0 0 4 0 0
453 5 0 0 2 0 0 1 0 0
455 4 0 0 0 0 0 0 0 0
457 3 1 1 1 0 0 1 0 0
458 2 0 0 0 0 0 0 0 0
462 1 0 0 0 0 0 0 0 0
466 4 0 0 0 0 0 3 0 0
467 1 0 0 0 0 0 0 0 0
468 6 0 0 5 0 0 0 0 0
fn=_IO_default_xsputn
371 113 51 51 0 0 0 6 0 0
374 202 0 0 0 0 0 0 0 0
375 1 0 0 0 0 0 0 0 0
379 134 1 1 54 0 0 0 0 0
393 100 1 1 0 0 0 0 0 0
399 236 1 1 78 2 2 26 0 0
401 26 0 0 0 0 0 0 0 0
404 108 2 2 107 0 0 0 0 0
fn=_IO_doallocbuf
343 4 1 1 0 0 0 3 0 0
344 2 0 0 1 0 0 0 0 0
346 4 0 0 1 0 0 0 0 0
347 5 0 0 2 1 1 1 0 0
350 4 1 1 4 0 0 0 0 0
fn=_IO_flush_all_lockp
686 12 2 2 1 0 0 7 0 0
687 1 0 0 0 0 0 0 0 0
691 6 0 0 0 0 0 3 0 0
692 11 1 1 4 0 0 2 0 0
695 12 0 0 4 1 1 0 0 0
697 3 1 1 0 0 0 3 0 0
698 6 0 0 0 0 0 0 0 0
701 21 2 2 9 2 2 0 0 0
709 6 1 1 0 0 0 0 0 0
711 3 0 0 0 0 0 3 0 0
715 9 0 0 3 0 0 2 0 0
716 2 1 1 0 0 0 1 0 0
720 12 0 0 9 0 0 0 0 0
fn=_IO_no_init
563 500 1 1 0 0 0 200 0 0
564 50 0 0 0 0 0 50 0 0
565 50 0 0 0 0 0 50 49 49
566 100 0 0 0 0 0 0 0 0
586 100 1 1 0 0 0 50 0 0
587 50 2 2 0 0 0 50 0 0
588 300 0 0 250 0 0 0 0 0
fn=_IO_old_init
531 50 1 1 0 0 0 0 0 0
532 100 0 0 0 0 0 50 0 0
534 300 0 0 50 50 50 50 0 0
539 350 0 0 0 0 0 300 0 0
544 50 1 1 0 0 0 50 49 49
550 100 0 0 0 0 0 50 0 0
555 150 0 0 50 0 0 0 0 0
558 50 0 0 50 0 0 0 0 0
fn=_IO_setb
329 459 1 1 0 0 0 102 0 0
330 304 1 1 102 0 0 0 0 0
332 51 0 0 0 0 0 51 0 0
335 306 0 0 0 0 0 51 0 0
338 204 0 0 153 0 0 0 0 0
fn=__overflow
199 1050 1 1 0 0 0 350 0 0
201 1050 0 0 350 0 0 0 0 0
203 1050 2 2 700 0 0 0 0 0
204 700 0 0 350 0 0 0 0 0
fl=./libio/./libio/iofflush.c
fn=fflush
32 1440 2 2 0 0 0 1080 0 0
33 720 0 0 0 0 0 0 0 0
39 5040 1 1 2520 2 2 360 0 0
40 1800 0 0 720 1 1 360 0 0
44 1800 0 0 1440 0 0 0 0 0
fl=./libio/./libio/iofwrite.c
fn=fwrite
31 6400 1 1 0 0 0 4800 148 148
32 1600 0 0 0 0 0 0 0 0
35 1600 1 1 0 0 0 0 0 0
37 13600 1 1 5600 300 300 800 0 0
38 3999 0 0 800 100 100 1 0 0
39 4800 0 0 1600 100 100 800 0 0
45 4800 0 0 0 0 0 0 0 0
46 800 0 0 0 0 0 0 0 0
49 7200 0 0 5600 0 0 0 0 0
fl=./libio/./libio/libioP.h
fn=_IO_cleanup
940 4 0 0 0 0 0 0 0 0
942 2 0 0 0 0 0 0 0 0
943 2 0 0 0 0 0 0 0 0
fn=_IO_default_setbuf
940 3 0 0 0 0 0 0 0 0
942 2 0 0 0 0 0 0 0 0
943 2 0 0 0 0 0 0 0 0
fn=_IO_default_xsputn
940 3 0 0 0 0 0 0 0 0
942 52 0 0 0 0 0 0 0 0
943 52 0 0 0 0 0 0 0 0
fn=_IO_do_write@@GLIBC_2.2.5
940 1400 0 0 0 0 0 0 0 0
942 700 1 1 0 0 0 0 0 0
943 700 0 0 0 0 0 0 0 0
fn=_IO_doallocbuf
940 3 1 1 0 0 0 0 0 0
942 2 0 0 0 0 0 0 0 0
943 2 0 0 0 0 0 0 0 0
fn=_IO_file_doallocate
940 3 0 0 0 0 0 0 0 0
942 2 0 0 0 0 0 0 0 0
943 2 0 0 0 0 0 0 0 0
fn=_IO_file_xsputn@@GLIBC_2.2.5
940 3 0 0 0 0 0 0 0 0
942 2 1 1 0 0 0 0 0 0
943 2 0 0 0 0 0 0 0 0
fn=_IO_flush_all_lockp
940 4 1 1 0 0 0 0 0 0
fn=__overflow
940 1050 0 0 0 0 0 0 0 0
942 700 0 0 0 0 0 0 0 0
943 700 0 0 0 0 0 0 0 0
fn=fflush
883 720 0 0 360 0 0 0 0 0
884 3240 1 1 1440 0 0 720 0 0
940 1080 0 0 0 0 0 0 0 0
942 720 0 0 0 0 0 0 0 0
943 720 0 0 0 0 0 0 0 0
fn=fwrite
883 1600 0 0 800 0 0 0 0 0
884 6400 1 1 3200 0 0 800 0 0
940 2400 0 0 0 0 0 0 0 0
942 1600 1 1 0 0 0 0 0 0
943 1600 0 0 0 0 0 0 0 0
fl=./libio/./libio/putc.c
fn=putc
25 2450 1 1 0 0 0 1050 0 0
28 700 0 0 350 0 0 0 0 0
29 2450 1 1 700 0 0 0 0 0
34 1400 1 1 1050 0 0 0 0 0
fl=./libio/./libio/strops.c
fn=_IO_str_init_static_internal
36 700 100 100 0 0 0 300 0 0
40 100 0 0 0 0 0 0 0 0
42 50 1 1 0 0 0 0 0 0
43 250 0 0 0 0 0 0 0 0
46 250 0 0 0 0 0 50 49 49
50 500 0 0 50 0 0 150 0 0
51 150 50 50 0 0 0 0 0 0
64 50 0 0 0 0 0 50 0 0
65 350 0 0 300 0 0 0 0 0
fl=./libio/./libio/vsnprintf.c
fn=__vsnprintf_internal
95 700 52 52 50 0 0 350 49 49
99 50 0 0 0 0 0 50 49 49
104 150 0 0 0 0 0 0 0 0
110 400 0 0 0 0 0 100 98 98
111 100 1 1 0 0 0 50 0 0
112 50 0 0 0 0 0 50 0 0
113 350 50 50 0 0 0 50 0 0
114 250 0 0 0 0 0 50 0 0
116 150 0 0 100 0 0 0 0 0
117 100 0 0 50 0 0 50 0 0
119 550 50 50 450 0 0 0 0 0
fn=vsnprintf
123 50 2 2 0 0 0 0 0 0
124 100 0 0 0 0 0 0 0 0
fl=./libio/./libio/vtables.c
fn=check_stdfiles_vtables
83 1 1 1 0 0 0 0 0 0
84 4 0 0 2 1 0 0 0 0
85 3 1 1 2 1 0 0 0 0
86 3 0 0 2 2 0 0 0 0
88 1 0 0 1 0 0 0 0 0
fl=./locale/./locale/newlocale.c
fn=newlocale
43 17 2 2 1 0 0 8 0 0
55 2 0 0 0 0 0 0 0 0
56 2 1 1 0 0 0 1 0 0
63 2 0 0 0 0 0 0 0 0
66 3 0 0 0 0 0 0 0 0
72 2 1 1 0 0 0 0 0 0
73 7 2 2 3 0 0 0 0 0
75 1 0 0 0 0 0 0 0 0
277 12 1 1 9 0 0 0 0 0
fl=./locale/./locale/uselocale.c
fn=uselocale
30 102 2 2 0 0 0 0 0 0
31 306 0 0 204 51 50 0 0 0
33 204 0 0 0 0 0 0 0 0
36 204 0 0 0 0 0 0 0 0
37 102 0 0 0 0 0 102 0 0
65 306 0 0 204 151 150 102 0 0
66 306 2 2 204 0 0 102 0 0
68 306 0 0 204 51 50 102 0 0
72 306 0 0 0 0 0 0 0 0
73 102 0 0 102 0 0 0 0 0
fl=./malloc/./malloc/arena.c
fn=free
162 15153 0 0 0 0 0 0 0 0
fn=malloc
162 18 2 1 0 0 0 0 0 0
315 1 1 1 0 0 0 1 0 0
fn=memalign
162 10100 0 0 0 0 0 0 0 0
fn=ptmalloc_init.part.0
313 6 1 1 1 0 0 3 0 0
318 1 0 0 0 0 0 1 0 0
343 2 2 2 1 0 0 0 0 0
347 3 0 0 1 1 0 1 0 0
352 4 0 0 0 0 0 1 0 0
353 4 1 1 0 0 0 1 0 0
354 4 0 0 0 0 0 1 0 0
355 4 0 0 0 0 0 1 0 0
356 4 1 1 0 0 0 1 0 0
357 4 0 0 0 0 0 1 0 0
358 4 0 0 0 0 0 1 0 0
360 4 1 1 0 0 0 1 0 0
361 4 0 0 0 0 0 1 0 0
362 4 0 0 0 0 0 1 0 0
365 4 0 0 0 0 0 1 0 0
366 4 1 1 0 0 0 1 0 0
367 2 0 0 1 1 1 0 0 0
430 7 0 0 5 0 0 0 0 0
fn=sysmalloc
565 1 1 1 0 0 0 1 0 0
fl=./malloc/./malloc/malloc.c
fn=_int_free
2012 30258 1 1 10086 5050 5050 0 0 0
3181 46 1 1 23 0 0 23 0 0
3183 92 0 0 23 15 15 23 0 0
3184 23 0 0 0 0 0 23 0 0
3185 46 0 0 0 0 0 23 0 0
4421 111199 4 4 10109 5050 5050 70763 0 0
4431 30327 0 0 10109 0 0 0 0 0
4437 50545 0 0 0 0 0 0 0 0
4438 20218 0 0 0 0 0 0 0 0
4442 40436 0 0 0 0 0 0 0 0
4449 20218 0 0 0 0 0 0 0 0
4450 70763 2 2 30327 5050 5050 0 0 0
4453 5058 0 0 0 0 0 0 0 0
4459 15174 0 0 10116 0 0 0 0 0
4479 25290 1 1 10116 5049 5049 0 0 0
4482 23 0 0 0 0 0 0 0 0
4493 20172 1 1 10086 5050 5050 0 0 0
4504 20140 0 0 5035 0 0 0 0 0
4506 15105 0 0 5035 0 0 0 0 0
4527 5035 0 0 0 0 0 5035 0 0
4528 5035 0 0 0 0 0 0 0 0
4532 15105 0 0 5035 0 0 0 0 0
4534 15105 0 0 5035 0 0 0 0 0
4538 10070 0 0 0 0 0 0 0 0
4540 20140 0 0 0 0 0 5035 0 0
4541 5035 0 0 0 0 0 5035 0 0
4560 20140 0 0 0 0 0 0 0 0
4569 10102 1 1 5051 0 0 0 0 0
4572 5051 0 0 5051 0 0 0 0 0
4575 25255 0 0 0 0 0 5051 0 0
4578 5051 2 2 0 0 0 0 0 0
4582 15153 0 0 5051 5050 5050 0 0 0
4585 20204 0 0 5051 5050 5050 0 0 0
4587 15153 2 2 5051 5050 5050 0 0 0
4590 15153 0 0 5051 5049 5049 0 0 0
4593 10102 0 0 0 0 0 0 0 0
4594 10102 0 0 0 0 0 0 0 0
4595 10102 3 3 5051 5050 5050 0 0 0
4601 10102 0 0 5051 0 0 0 0 0
4610 10102 51 51 5051 0 0 0 0 0
4615 10098 0 0 5049 0 0 0 0 0
4619 5049 0 0 5049 0 0 0 0 0
4627 5049 0 0 0 0 0 0 0 0
4628 20196 0 0 5049 0 0 0 0 0
4629 10098 0 0 5049 0 0 0 0 0
4631 5049 0 0 0 0 0 5049 0 0
4633 10098 50 50 0 0 0 0 0 0
4635 15147 1 1 0 0 0 5049 0 0
4638 5049 0 0 0 0 0 5049 0 0
4639 5049 0 0 0 0 0 5049 0 0
4641 15147 0 0 0 0 0 5049 0 0
4642 5049 0 0 0 0 0 5049 0 0
4653 2 2 2 0 0 0 0 0 0
4654 6 0 0 0 0 0 2 0 0
4655 4 0 0 0 0 0 2 0 0
4672 10102 1 1 0 0 0 0 0 0
4673 3 1 1 1 0 0 0 0 0
4676 3 1 1 0 0 0 0 0 0
4678 5 1 1 3 0 0 0 0 0
4680 3 1 1 1 0 0 1 0 0
4692 15153 0 0 5051 0 0 0 0 0
4702 111199 3 3 90981 0 0 0 0 0
fn=_int_malloc
1343 10120 50 50 0 0 0 0 0 0
1362 25299 2 1 0 0 0 0 0 0
2005 15180 0 0 5060 0 0 0 0 0
3181 42 0 0 14 0 0 14 0 0
3183 28 0 0 0 0 0 14 0 0
3771 45540 50 50 0 0 0 30360 5000 5000
3811 10120 2 1 0 0 0 0 0 0
3838 10122 0 0 5060 52 50 0 0 0
3843 2 0 0 1 0 0 0 0 0
3845 5 2 2 0 0 0 0 0 0
3901 10118 0 0 0 0 0 0 0 0
3903 4 0 0 0 0 0 4 0 0
3904 17 4 2 0 0 0 0 0 0
3906 12 0 0 4 2 1 0 0 0
3963 161839 8 4 0 0 0 50574 5004 5000
3964 15168 0 0 5056 53 50 0 0 0
3965 15103 0 0 0 0 0 5034 5034 5034
3982 25297 0 0 5059 49 49 10119 17 15
3983 15180 0 0 0 0 0 0 0 0
3984 15180 0 0 10120 98 98 0 0 0
3988 5060 0 0 0 0 0 5060 0 0
3993 14 0 0 0 0 0 0 0 0
3994 20282 0 0 5074 4 1 0 0 0
3996 14 0 0 14 0 0 0 0 0
3997 56 0 0 14 0 0 0 0 0
3998 14 0 0 0 0 0 0 0 0
4000 28 1 1 0 0 0 0 0 0
4001 42 0 0 14 0 0 0 0 0
4003 14 0 0 14 0 0 0 0 0
4004 56 0 0 0 0 0 0 0 0
4006 56 0 0 14 0 0 0 0 0
4008 28 1 1 14 0 0 0 0 0
4009 28 0 0 14 0 0 0 0 0
4011 28 0 0 0 0 0 0 0 0
4022 56 0 0 0 0 0 0 0 0
4025 28 0 0 0 0 0 14 0 0
4053 14 0 0 0 0 0 14 0 0
4054 14 0 0 0 0 0 14 0 0
4058 28 0 0 0 0 0 0 0 0
4061 20240 51 50 0 0 0 10120 0 0
4067 42 1 1 28 0 0 14 0 0
4087 28 1 1 0 0 0 0 0 0
4095 70 2 2 0 0 0 0 0 0
4096 56 1 1 0 0 0 0 0 0
4097 14 0 0 14 14 14 0 0 0
4100 28 0 0 0 0 0 0 0 0
4103 26 1 1 0 0 0 13 0 0
4105 52 0 0 26 13 13 0 0 0
4106 26 0 0 13 0 0 0 0 0
4118 65 1 1 26 12 12 0 0 0
4119 26 0 0 0 0 0 0 0 0
4125 13 0 0 0 0 0 0 0 0
4128 26 1 1 13 13 13 0 0 0
4138 13 0 0 13 12 12 0 0 0
4139 26 0 0 13 0 0 0 0 0
4144 3 1 1 0 0 0 1 0 0
4147 84 1 1 14 14 14 0 0 0
4149 56 0 0 0 0 0 14 0 0
4150 14 0 0 0 0 0 14 0 0
4151 14 0 0 0 0 0 14 0 0
4156 28 0 0 28 0 0 0 0 0
4157 28 0 0 0 0 0 0 0 0
4158 42 0 0 14 0 0 14 0 0
4166 42 0 0 0 0 0 0 0 0
4183 10120 2 1 0 0 0 0 0 0
4185 20224 2 1 5056 0 0 0 0 0
4188 15168 0 0 5056 5053 5051 0 0 0
4256 10120 3 2 5060 0 0 0 0 0
4257 10120 0 0 0 0 0 0 0 0
4258 10120 0 0 0 0 0 0 0 0
4259 10120 0 0 5060 5037 5036 0 0 0
4260 15180 0 0 0 0 0 0 0 0
4265 10120 2 1 0 0 0 0 0 0
4269 30353 50 50 0 0 0 0 0 0
4272 20245 1 1 5062 0 0 0 0 0
4369 5060 1 1 5060 0 0 0 0 0
4370 10120 0 0 5060 4 1 0 0 0
4372 10120 0 0 5060 52 50 0 0 0
4375 15188 2 1 0 0 0 8 0 0
4377 5056 0 0 0 0 0 0 0 0
4378 10112 3 2 5056 0 0 0 0 0
4379 5056 0 0 0 0 0 5056 0 0
4380 40448 2 1 0 0 0 5056 0 0
4382 10112 0 0 0 0 0 5056 22 22
4385 5056 0 0 0 0 0 0 0 0
4392 12 0 0 4 0 0 0 0 0
4397 10118 0 0 0 0 0 0 0 0
4399 60 7 4 0 0 0 36 0 0
4407 20 2 1 4 0 0 4 0 0
4408 8 0 0 0 0 0 0 0 0
4413 45540 3 2 35420 0 0 0 0 0
fn=_int_memalign
1343 10100 0 0 0 0 0 0 0 0
1362 35350 1 1 0 0 0 0 0 0
4941 35350 1 1 0 0 0 30300 0 0
4955 10100 0 0 0 0 0 0 0 0
4970 20200 0 0 0 0 0 5050 0 0
4972 10100 0 0 0 0 0 0 0 0
4975 5050 0 0 0 0 0 0 0 0
4977 20200 0 0 0 0 0 0 0 0
4986 45 1 1 0 0 0 0 0 0
4988 36 0 0 0 0 0 0 0 0
4989 1 0 0 0 0 0 0 0 0
4992 2 0 0 0 0 0 0 0 0
4993 36 1 1 9 0 0 0 0 0
4996 18 0 0 0 0 0 0 0 0
5004 81 1 1 0 0 0 9 1 1
5006 9 0 0 9 0 0 0 0 0
5007 45 0 0 9 0 0 9 0 0
5008 27 0 0 0 0 0 9 0 0
5011 90 1 1 0 0 0 0 0 0
5016 15150 0 0 5050 0 0 0 0 0
5018 5050 0 0 0 0 0 0 0 0
5019 15150 1 1 0 0 0 0 0 0
5021 5049 0 0 0 0 0 0 0 0
5022 5049 0 0 0 0 0 0 0 0
5023 40392 0 0 0 0 0 5049 15 15
5025 20196 0 0 5049 0 0 5049 0 0
5026 20196 49 49 0 0 0 5049 0 0
5032 45450 0 0 35350 0 0 0 0 0
fn=free
3352 20216 3 3 0 0 0 10108 0 0
3356 10108 0 0 0 0 0 0 0 0
3364 10108 0 0 10108 10100 10100 0 0 0
3366 5054 0 0 0 0 0 0 0 0
3368 15162 52 52 5054 5053 5053 0 0 0
3372 9 1 1 3 1 1 0 0 0
3374 12 0 0 3 1 1 0 0 0
3376 6 0 0 0 0 0 3 0 0
3377 6 1 1 0 0 0 3 0 0
3378 3 0 0 0 0 0 0 0 0
3381 6 0 0 0 0 0 3 0 0
3385 15153 0 0 10102 10100 10100 0 0 0
3391 10102 51 51 0 0 0 5051 0 0
3394 5054 0 0 0 0 0 5054 0 0
3395 20216 0 0 15162 0 0 0 0 0
fn=malloc
1343 18 1 0 0 0 0 0 0 0
1362 44 3 2 0 0 0 0 0 0
3241 4 0 0 2 0 0 1 0 0
3287 54 2 1 0 0 0 27 0 0
3294 18 0 0 9 5 2 0 0 0
3304 24 1 1 0 0 0 0 0 0
3306 36 0 0 18 8 2 0 0 0
3309 18 0 0 9 4 1 0 0 0
3311 12 2 1 4 3 2 0 0 0
3319 27 2 1 9 2 0 0 0 0
3321 36 2 1 0 0 0 9 2 0
3322 45 0 0 9 0 0 0 0 0
3347 45 0 0 36 0 0 0 0 0
fn=malloc_consolidate
4715 40272 1 1 0 0 0 30204 5034 5034
4730 5034 0 0 0 0 0 5034 0 0
4732 10068 0 0 0 0 0 5034 5034 5034
4743 5034 1 1 0 0 0 0 0 0
4745 100680 0 0 100680 0 0 0 0 0
4746 100680 0 0 0 0 0 0 0 0
4749 10068 2 2 0 0 0 0 0 0
4753 15102 0 0 5034 49 49 0 0 0
4754 20136 0 0 0 0 0 0 0 0
4759 25170 50 50 5034 0 0 0 0 0
4762 10068 0 0 0 0 0 0 0 0
4763 5034 0 0 0 0 0 0 0 0
4764 15102 0 0 5034 49 49 0 0 0
4766 10068 0 0 0 0 0 0 0 0
4767 5034 0 0 5034 0 0 0 0 0
4768 5034 0 0 0 0 0 0 0 0
4769 5034 0 0 0 0 0 0 0 0
4770 20136 0 0 5034 49 49 0 0 0
4772 50340 50 50 20136 0 0 25170 0 0
4775 10068 0 0 5034 0 0 0 0 0
4800 5034 0 0 0 0 0 0 0 0
4801 10068 1 1 0 0 0 5034 0 0
4802 10068 0 0 0 0 0 5034 0 0
4805 10068 0 0 0 0 0 0 0 0
4808 151020 0 0 50340 0 0 0 0 0
4809 40272 0 0 35238 0 0 0 0 0
fn=memalign
3520 40400 1 1 0 0 0 20200 0 0
3521 10100 1 1 5050 49 49 0 0 0
3526 30300 0 0 25250 0 0 0 0 0
3535 10100 0 0 0 0 0 0 0 0
3539 10100 0 0 0 0 0 0 0 0
3544 15150 1 1 0 0 0 0 0 0
3552 15150 0 0 0 0 0 0 0 0
3560 15150 0 0 5050 0 0 0 0 0
3562 25250 50 50 0 0 0 5050 0 0
3563 25250 0 0 5050 0 0 0 0 0
3581 10100 2 2 0 0 0 0 0 0
fn=munmap_chunk
3044 3 1 1 0 0 0 0 0 0
3045 6 0 0 6 0 0 0 0 0
3046 9 0 0 3 0 0 0 0 0
3048 6 0 0 0 0 0 0 0 0
3050 3 0 0 0 0 0 0 0 0
3051 6 0 0 3 0 0 0 0 0
3052 6 1 1 3 0 0 0 0 0
3058 12 0 0 0 0 0 0 0 0
3059 15 0 0 0 0 0 0 0 0
3062 3 0 0 6 0 0 0 0 0
3063 9 0 0 6 0 0 0 0 0
3068 6 1 1 0 0 0 0 0 0
3069 3 0 0 0 0 0 0 0 0
fn=ptmalloc_init.part.0
1966 385 1 1 0 0 0 0 0 0
1969 381 0 0 0 0 0 127 33 32
1977 1 0 0 0 0 0 1 1 1
1978 1 0 0 0 0 0 1 1 1
1980 1 0 0 0 0 0 1 0 0
3162 7 1 1 0 0 0 1 0 0
fn=sysmalloc
2028 8 0 0 2 0 0 0 0 0
2548 36 2 1 0 0 0 24 2 0
2568 16 0 0 12 4 0 4 0 0
2579 8 2 1 0 0 0 0 0 0
2580 9 0 0 4 4 1 1 0 0
2581 9 1 0 6 3 0 0 0 0
2585 15 0 0 3 0 0 0 0 0
2594 12 1 0 0 0 0 3 2 0
2595 6 0 0 0 0 0 0 0 0
2606 1 0 0 1 0 0 0 0 0
2607 3 0 0 1 0 0 0 0 0
2608 1 0 0 0 0 0 0 0 0
2610 2 1 1 0 0 0 0 0 0
2617 4 0 0 0 0 0 0 0 0
2623 3 1 1 0 0 0 0 0 0
2626 3 0 0 0 0 0 0 0 0
2687 2 1 1 1 0 0 0 0 0
2696 4 0 0 1 0 0 0 0 0
2709 3 0 0 1 0 0 0 0 0
2713 3 1 1 0 0 0 1 0 0
2717 5 0 0 0 0 0 1 0 0
2725 2 1 1 0 0 0 0 0 0
2727 2 1 1 0 0 0 1 0 0
2728 3 0 0 1 0 0 0 0 0
2729 2 0 0 1 0 0 0 0 0
2730 1 0 0 0 0 0 0 0 0
2733 2 0 0 0 0 0 0 0 0
2764 2 1 1 1 1 0 0 0 0
2765 2 1 1 0 0 0 1 0 0
2766 5 0 0 2 0 0 1 0 0
2772 2 1 1 0 0 0 0 0 0
2775 4 2 2 1 0 0 0 0 0
2815 3 1 1 0 0 0 0 0 0
2837 2 0 0 0 0 0 0 0 0
2838 7 0 0 0 0 0 0 0 0
2840 2 1 1 0 0 0 0 0 0
2841 4 0 0 0 0 0 2 0 0
2853 3 0 0 1 0 0 0 0 0
2895 1 0 0 0 0 0 1 0 0
2896 4 0 0 0 0 0 1 1 1
2897 5 1 1 2 0 0 1 0 0
2908 2 1 1 0 0 0 0 0 0
2941 2 1 1 1 0 0 0 0 0
2942 1 0 0 0 0 0 1 0 0
2947 2 0 0 1 0 0 0 0 0
2950 2 0 0 0 0 0 0 0 0
2952 1 0 0 0 0 0 0 0 0
2953 1 0 0 0 0 0 0 0 0
2954 1 0 0 0 0 0 1 0 0
2955 8 1 1 0 0 0 1 0 0
2956 2 0 0 0 0 0 1 1 1
2958 2 0 0 0 0 0 0 0 0
2964 44 1 1 36 0 0 0 0 0
fn=sysmalloc_mmap.constprop.0
2028 12 0 0 3 0 0 0 0 0
2420 9 1 1 0 0 0 9 0 0
2433 9 0 0 0 0 0 0 0 0
2438 6 1 1 0 0 0 0 0 0
2441 30 0 0 0 0 0 3 0 0
2444 6 1 1 0 0 0 0 0 0
2448 6 0 0 0 0 0 0 0 0
2466 9 0 0 0 0 0 0 0 0
2484 3 0 0 0 0 0 3 3 3
2485 9 0 0 0 0 0 3 0 0
2489 9 1 1 6 0 0 0 0 0
2490 15 0 0 6 0 0 0 0 0
2493 9 0 0 6 0 0 0 0 0
2494 15 1 1 6 0 0 0 0 0
2499 15 0 0 12 0 0 0 0 0
fn=systrim.constprop.0
2977 3 0 0 0 0 0 3 0 0
2986 3 1 1 2 0 0 0 0 0
2988 1 0 0 0 0 0 0 0 0
2989 2 0 0 0 0 0 0 0 0
2990 1 0 0 0 0 0 0 0 0
2994 3 0 0 1 0 0 0 0 0
2995 1 0 0 0 0 0 0 0 0
2998 5 0 0 2 0 0 0 0 0
3000 2 0 0 0 0 0 0 0 0
3040 4 0 0 4 0 0 0 0 0
fn=tcache_init.part.0
3235 3 1 1 0 0 0 2 0 0
3244 8 0 0 3 0 0 0 0 0
3245 4 1 1 0 0 0 1 0 0
3246 2 0 0 0 0 0 0 0 0
3254 4 0 0 2 0 0 0 0 0
3261 2 0 0 0 0 0 0 0 0
3263 2 0 0 1 0 0 1 0 0
3264 88 1 1 0 0 0 81 9 9
3267 4 0 0 3 0 0 0 0 0
fn=unlink_chunk.constprop.0
1626 5034 1 1 0 0 0 0 0 0
1628 25170 0 0 10068 0 0 0 0 0
1631 25170 1 1 10068 49 49 0 0 0
1632 5034 0 0 5034 0 0 0 0 0
1634 20136 0 0 10068 49 49 0 0 0
1637 5034 0 0 0 0 0 5034 0 0
1638 5034 0 0 0 0 0 5034 0 0
1639 25170 0 0 5034 0 0 0 0 0
1663 10068 1 1 5034 0 0 0 0 0
fl=./malloc/./malloc/morecore.c
fn=__glibc_morecore
25 4 2 2 0 0 0 0 0 0
26 4 0 0 2 0 0 0 0 0
29 2 0 0 0 0 0 2 0 0
30 4 0 0 0 0 0 0 0 0
34 4 0 0 2 0 0 0 0 0
fl=./malloc/./malloc/scratch_buffer_set_array_size.c
fn=__libc_scratch_buffer_set_array_size
30 60 2 2 0 0 0 18 0 0
34 6 0 0 0 0 0 0 0 0
35 12 0 0 0 0 0 0 0 0
45 12 0 0 6 0 0 0 0 0
46 6 0 0 0 0 0 0 0 0
63 24 1 1 24 0 0 0 0 0
fl=./math/../sysdeps/x86_64/fpu/multiarch/e_asin.c
fn=__acos_finite@GLIBC_2.15
35 1 1 1 0 0 0 0 0 0
fn=__asin_finite@GLIBC_2.15
27 2 1 1 1 0 0 0 0 0
fl=./math/../sysdeps/x86_64/fpu/multiarch/e_atan2.c
fn=__atan2_finite@GLIBC_2.15
26 2 1 1 1 0 0 0 0 0
fl=./math/../sysdeps/x86_64/fpu/multiarch/e_exp.c
fn=__exp_finite@GLIBC_2.15
27 2 2 2 1 0 0 0 0 0
fl=./math/../sysdeps/x86_64/fpu/multiarch/e_exp2f.c
fn=exp2f@@GLIBC_2.27
27 2 1 1 1 0 0 0 0 0
fl=./math/../sysdeps/x86_64/fpu/multiarch/e_expf.c
fn=expf@@GLIBC_2.27
27 2 1 1 1 0 0 0 0 0
fl=./math/../sysdeps/x86_64/fpu/multiarch/e_log.c
fn=__log_finite@GLIBC_2.15
27 2 2 2 1 0 0 0 0 0
fl=./math/../sysdeps/x86_64/fpu/multiarch/e_log2f.c
fn=log2f@@GLIBC_2.27
27 2 1 1 1 0 0 0 0 0
fl=./math/../sysdeps/x86_64/fpu/multiarch/e_logf.c
fn=logf@@GLIBC_2.27
27 2 1 1 1 0 0 0 0 0
fl=./math/../sysdeps/x86_64/fpu/multiarch/e_pow.c
fn=__pow_finite@GLIBC_2.15
27 2 1 1 1 0 0 0 0 0
fl=./math/../sysdeps/x86_64/fpu/multiarch/e_powf.c
fn=powf@@GLIBC_2.27
30 1 1 1 0 0 0 0 0 0
fl=./math/../sysdeps/x86_64/fpu/multiarch/ifunc-avx-fma4.h
fn=__atan2_finite@GLIBC_2.15
32 5 1 1 2 0 0 0 0 0
33 2 0 0 1 0 0 0 0 0
fn=__exp_finite@GLIBC_2.15
32 5 0 0 2 0 0 0 0 0
33 2 0 0 1 0 0 0 0 0
fn=__log_finite@GLIBC_2.15
32 5 0 0 2 0 0 0 0 0
33 2 0 0 1 0 0 0 0 0
fn=cos
32 5 1 1 2 0 0 0 0 0
33 2 0 0 1 0 0 0 0 0
fn=sin
32 5 0 0 2 0 0 0 0 0
33 2 0 0 1 0 0 0 0 0
fl=./math/../sysdeps/x86_64/fpu/multiarch/ifunc-fma.h
fn=cosf
29 4 1 1 2 0 0 0 0 0
30 3 0 0 1 0 0 0 0 0
fn=exp2f@@GLIBC_2.27
29 4 0 0 2 0 0 0 0 0
30 3 1 1 1 0 0 0 0 0
fn=expf@@GLIBC_2.27
29 4 1 1 2 0 0 0 0 0
30 3 0 0 1 0 0 0 0 0
fn=log2f@@GLIBC_2.27
29 4 0 0 2 0 0 0 0 0
30 3 1 1 1 0 0 0 0 0
fn=logf@@GLIBC_2.27
29 4 0 0 2 0 0 0 0 0
30 3 0 0 1 0 0 0 0 0
fn=powf@@GLIBC_2.27
29 4 0 0 2 0 0 0 0 0
30 4 0 0 2 0 0 0 0 0
fn=sincosf
29 4 1 1 2 0 0 0 0 0
30 3 0 0 1 0 0 0 0 0
fn=sinf
29 4 0 0 2 0 0 0 0 0
30 3 0 0 1 0 0 0 0 0
fl=./math/../sysdeps/x86_64/fpu/multiarch/ifunc-fma4.h
fn=__acos_finite@GLIBC_2.15
31 4 0 0 2 0 0 0 0 0
32 2 1 1 1 0 0 0 0 0
35 1 0 0 1 0 0 0 0 0
fn=__asin_finite@GLIBC_2.15
31 4 0 0 2 0 0 0 0 0
32 2 0 0 1 0 0 0 0 0
fn=__pow_finite@GLIBC_2.15
31 4 0 0 2 0 0 0 0 0
32 2 0 0 1 0 0 0 0 0
fl=./math/../sysdeps/x86_64/fpu/multiarch/s_cosf.c
fn=cosf
26 2 1 1 1 0 0 0 0 0
fl=./math/../sysdeps/x86_64/fpu/multiarch/s_fma.c
fn=fma
49 6 1 1 3 0 0 0 0 0
fl=./math/../sysdeps/x86_64/fpu/multiarch/s_sin.c
fn=cos
34 2 1 1 1 0 0 0 0 0
fn=sin
27 2 1 1 1 0 0 0 0 0
fl=./math/../sysdeps/x86_64/fpu/multiarch/s_sincosf.c
fn=sincosf
26 2 1 1 1 0 0 0 0 0
fl=./math/../sysdeps/x86_64/fpu/multiarch/s_sinf.c
fn=sinf
26 2 1 1 1 0 0 0 0 0
fl=./misc/../sysdeps/unix/syscall-template.S
fn=mprotect
117 50 1 1 0 0 0 0 0 0
122 10 0 0 10 0 0 0 0 0
fn=munmap
117 20 3 3 0 0 0 0 0 0
122 4 0 0 4 0 0 0 0 0
fl=./misc/../sysdeps/unix/sysv/linux/brk.c
fn=brk
35 2 1 1 0 0 0 0 0 0
36 8 0 0 2 0 0 2 0 0
37 4 0 0 0 0 0 0 0 0
43 2 0 0 0 0 0 0 0 0
44 2 0 0 2 0 0 0 0 0
fl=./misc/../sysdeps/unix/sysv/linux/getpagesize.c
fn=getpagesize
27 1 1 1 0 0 0 0 0 0
28 4 0 0 2 0 0 0 0 0
30 1 0 0 1 0 0 0 0 0
fl=./misc/../sysdeps/unix/sysv/linux/getsysstats.c
fn=get_nprocs_conf
196 1 1 1 0 0 0 0 0 0
197 3 0 0 0 0 0 1 0 0
198 3 0 0 0 0 0 0 0 0
202 136 0 0 0 0 0 34 0 0
204 188 1 1 94 0 0 0 0 0
207 91 0 0 0 0 0 18 0 0
208 90 0 0 18 0 0 0 0 0
209 32 1 1 16 0 0 0 0 0
212 2 0 0 0 0 0 1 0 0
257 9 1 1 1 0 0 5 0 0
260 2 0 0 0 0 0 0 0 0
265 10 0 0 7 0 0 0 0 0
fl=./misc/../sysdeps/unix/sysv/linux/mmap64.c
fn=mmap
47 66 2 2 0 0 0 0 0 0
50 66 0 0 0 0 0 0 0 0
58 132 0 0 0 0 0 0 0 0
60 33 0 0 33 0 0 0 0 0
fl=./misc/./misc/init-misc.c
fn=__init_misc
30 5 2 2 0 0 0 2 0 0
31 5 0 0 1 0 0 0 0 0
33 3 0 0 0 0 0 1 0 0
37 5 0 0 1 0 0 1 1 0
38 3 0 0 2 0 0 1 0 0
40 4 0 0 3 0 0 0 0 0
fl=./misc/./misc/sbrk.c
fn=sbrk
37 10 1 1 0 0 0 6 0 0
40 4 0 0 4 0 0 0 0 0
43 4 0 0 2 0 0 0 0 0
58 4 1 1 0 0 0 0 0 0
59 4 0 0 0 0 0 1 0 0
62 4 0 0 0 0 0 0 0 0
63 2 0 0 2 0 0 0 0 0
66 4 1 1 0 0 0 0 0 0
74 3 0 0 0 0 0 1 0 0
78 10 0 0 8 0 0 0 0 0
fl=./nptl/../sysdeps/nptl/futex-internal.h
fn=__pthread_once_slow
146 1 0 0 0 0 0 0 0 0
147 1 0 0 0 0 0 0 0 0
209 8 0 0 0 0 0 0 0 0
fl=./nptl/../sysdeps/unix/sysv/linux/x86/elision-conf.c
fn=__lll_elision_init
96 6 1 1 1 0 0 2 0 0
101 5 1 1 0 0 0 1 0 0
103 4 0 0 0 0 0 1 0 0
105 4 0 0 0 0 0 1 0 0
107 4 0 0 0 0 0 1 0 0
109 4 1 1 0 0 0 1 0 0
113 3 0 0 1 1 1 0 0 0
114 1 0 0 0 0 0 1 1 1
115 6 0 0 4 0 0 0 0 0
fl=./nptl/./nptl/alloca_cutoff.c
fn=__libc_alloca_cutoff
27 50 50 50 0 0 0 0 0 0
28 450 50 50 50 50 50 0 0 0
35 50 0 0 50 0 0 0 0 0
fl=./nptl/./nptl/cleanup_compat.c
fn=_pthread_cleanup_pop@@GLIBC_2.34
40 1 1 1 0 0 0 0 0 0
43 2 0 0 1 0 0 1 0 0
47 2 0 0 0 0 0 0 0 0
49 1 0 0 1 0 0 0 0 0
fn=_pthread_cleanup_push@@GLIBC_2.34
25 1 1 1 0 0 0 0 0 0
28 1 0 0 0 0 0 1 0 0
29 1 0 0 0 0 0 1 0 0
30 2 0 0 1 0 0 1 0 0
32 1 0 0 0 0 0 1 0 0
33 1 0 0 1 0 0 0 0 0
fl=./nptl/./nptl/libc-cleanup.c
fn=__libc_cleanup_pop_restore
39 2 1 1 0 0 0 0 0 0
42 4 0 0 2 0 0 2 0 0
44 4 0 0 2 0 0 2 0 0
45 4 0 0 0 0 0 0 0 0
47 2 0 0 2 0 0 0 0 0
fn=__libc_cleanup_push_defer
24 2 1 1 0 0 0 0 0 0
27 4 0 0 2 0 0 2 0 0
30 8 0 0 2 1 1 2 0 0
31 2 0 0 0 0 0 2 0 0
33 2 0 0 0 0 0 2 0 0
34 2 0 0 2 0 0 0 0 0
fl=./nptl/./nptl/pthread_attr_init.c
fn=pthread_attr_init@@GLIBC_2.2.5
32 3 1 1 0 0 0 1 0 0
41 5 0 0 0 0 0 4 0 0
46 3 0 0 0 0 0 2 0 0
49 3 0 0 2 0 0 0 0 0
fl=./nptl/./nptl/pthread_getaffinity.c
fn=pthread_getaffinity_np@@GLIBC_2.32
30 3 1 1 0 0 0 0 0 0
33 6 0 0 1 1 0 0 0 0
35 2 0 0 0 0 0 0 0 0
39 6 1 1 0 0 0 1 0 0
41 1 0 0 0 0 0 0 0 0
42 2 0 0 1 0 0 0 0 0
fl=./nptl/./nptl/pthread_key_create.c
fn=pthread_key_create@@GLIBC_2.34
25 2 1 1 0 0 0 0 0 0
27 10 0 0 0 0 0 0 0 0
29 3 0 0 3 1 1 0 0 0
31 12 0 0 0 0 0 0 0 0
33 6 1 1 2 0 0 0 0 0
37 6 0 0 0 0 0 2 0 0
40 2 0 0 0 0 0 2 0 0
43 4 0 0 2 0 0 0 0 0
fl=./nptl/./nptl/pthread_key_delete.c
fn=pthread_key_delete@@GLIBC_2.34
25 2 1 1 0 0 0 0 0 0
28 4 0 0 0 0 0 0 0 0
30 10 1 1 2 1 1 0 0 0
32 4 0 0 0 0 0 0 0 0
33 8 0 0 2 0 0 0 0 0
36 2 0 0 0 0 0 0 0 0
40 2 0 0 2 0 0 0 0 0
fl=./nptl/./nptl/pthread_mutex_conf.c
fn=__pthread_tunables_init
50 6 2 2 1 0 0 2 0 0
51 5 0 0 0 0 0 1 0 0
53 4 0 0 0 0 0 1 0 0
55 6 0 0 4 0 0 0 0 0
fl=./nptl/./nptl/pthread_mutex_lock.c
fn=pthread_mutex_lock@@GLIBC_2.2.5
44 1 1 1 1 0 0 0 0 0
45 8 0 0 2 0 0 0 0 0
46 1 0 0 0 0 0 1 0 0
77 3 1 1 0 0 0 1 0 0
80 3 0 0 1 0 0 0 0 0
82 1 0 0 0 0 0 0 0 0
84 2 1 1 0 0 0 0 0 0
88 2 0 0 0 0 0 0 0 0
97 2 1 1 0 0 0 0 0 0
108 4 1 1 1 0 0 0 0 0
112 1 0 0 1 1 1 0 0 0
115 2 0 0 1 0 0 0 0 0
130 3 0 0 1 0 0 0 0 0
131 2 1 1 0 0 0 1 0 0
167 1 1 1 1 0 0 0 0 0
170 1 0 0 0 0 0 1 0 0
172 1 0 0 1 0 0 0 0 0
175 1 0 0 0 0 0 0 0 0
177 1 0 0 0 0 0 0 0 0
178 3 0 0 2 0 0 0 0 0
fl=./nptl/./nptl/pthread_mutex_unlock.c
fn=pthread_mutex_unlock@@GLIBC_2.2.5
39 1 0 0 1 0 0 0 0 0
40 5 0 0 1 0 0 0 0 0
41 2 0 0 0 0 0 1 0 0
51 3 0 0 1 0 0 0 0 0
52 2 1 1 0 0 0 0 0 0
57 2 0 0 0 0 0 0 0 0
62 1 0 0 0 0 0 1 0 0
65 1 0 0 1 0 0 0 0 0
70 1 0 0 0 0 0 0 0 0
74 2 1 1 0 0 0 0 0 0
80 4 1 1 1 0 0 0 0 0
84 3 0 0 2 0 0 0 0 0
87 3 1 1 1 0 0 0 0 0
367 2 1 1 0 0 0 0 0 0
369 2 0 0 1 0 0 0 0 0
fl=./nptl/./nptl/pthread_once.c
fn=__pthread_once_slow
68 9 1 1 1 0 0 4 0 0
76 1 0 0 1 0 0 0 0 0
80 2 0 0 0 0 0 0 0 0
88 2 1 1 1 1 1 0 0 0
92 2 0 0 1 0 0 0 0 0
101 4 0 0 0 0 0 0 0 0
114 13 2 2 0 0 0 7 0 0
116 1 0 0 0 0 0 1 0 0
118 3 0 0 0 0 0 1 0 0
124 1 1 1 0 0 0 1 0 0
132 9 0 0 6 0 0 0 0 0
fn=pthread_once@@GLIBC_2.34
136 64 3 3 0 0 0 0 0 0
139 64 0 0 64 51 51 0 0 0
140 128 0 0 0 0 0 0 0 0
143 1 0 0 0 0 0 0 0 0
144 126 0 0 63 0 0 0 0 0
fl=./nptl/./nptl/pthread_self.c
fn=pthread_self
23 1 1 1 0 0 0 0 0 0
25 2 0 0 2 0 0 0 0 0
fl=./nptl/./nptl/pthread_setspecific.c
fn=pthread_setspecific@@GLIBC_2.34
25 16 1 1 0 0 0 8 0 0
32 2 0 0 2 0 0 0 0 0
36 4 0 0 0 0 0 0 0 0
39 14 1 1 2 2 1 0 0 0
41 2 0 0 0 0 0 0 0 0
43 6 0 0 0 0 0 0 0 0
46 4 0 0 0 0 0 0 0 0
81 2 0 0 0 0 0 2 2 1
86 4 0 0 0 0 0 2 0 0
87 2 0 0 0 0 0 2 1 1
89 2 0 0 0 0 0 0 0 0
90 14 1 1 10 0 0 0 0 0
fl=./posix/../malloc/dynarray-skeleton.c
fn=__unregister_atfork
243 6 0 0 6 0 0 0 0 0
fl=./posix/../sysdeps/posix/sysconf.c
fn=sysconf
56 11 3 3 1 1 1 0 0 0
626 3 1 1 0 0 0 1 0 0
fl=./posix/../sysdeps/unix/syscall-template.S
fn=uname
120 5 1 1 0 0 0 0 0 0
122 1 0 0 1 0 0 0 0 0
fl=./posix/../sysdeps/unix/sysv/linux/_exit.c
fn=_Exit
27 2 1 1 1 0 0 0 0 0
30 3 0 0 0 0 0 0 0 0
31 2 0 0 0 0 0 0 0 0
fl=./posix/../sysdeps/unix/sysv/linux/x86/../sysconf.c
fn=sysconf
49 10 2 2 0 0 0 0 0 0
fl=./posix/../sysdeps/unix/sysv/linux/x86/sysconf.c
fn=sysconf
32 10 1 1 1 0 0 5 0 0
33 3 0 0 0 0 0 0 0 0
37 9 1 1 7 0 0 0 0 0
fl=./posix/./posix/register-atfork.c
fn=__unregister_atfork
65 12 0 0 0 0 0 0 0 0
76 18 1 1 0 0 0 6 0 0
77 24 0 0 6 1 1 0 0 0
103 24 1 1 12 0 0 0 0 0
104 12 0 0 12 0 0 0 0 0
fl=./posix/./posix/sched_cpucount.c
fn=__sched_cpucount
27 2 0 0 0 0 0 0 0 0
28 50 1 1 0 0 0 0 0 0
29 16 0 0 0 0 0 0 0 0
35 1 1 1 0 0 0 0 0 0
36 2 0 0 0 0 0 0 0 0
37 6 0 0 0 0 0 0 0 0
38 2 0 0 1 0 0 0 0 0
40 2 0 0 1 0 0 0 0 0
fl=./resource/../sysdeps/unix/sysv/linux/getrlimit64.c
fn=getrlimit
38 2 1 1 0 0 0 0 0 0
39 7 0 0 0 0 0 0 0 0
40 1 0 0 1 0 0 0 0 0
fl=./setjmp/../sysdeps/x86_64/bsd-_setjmp.S
fn=_setjmp
28 1 1 1 0 0 0 0 0 0
30 1 0 0 0 0 0 0 0 0
32 1 0 0 0 0 0 0 0 0
fl=./setjmp/../sysdeps/x86_64/setjmp.S
fn=__sigsetjmp
30 15 2 2 0 0 0 0 0 0
32 15 0 0 0 0 0 15 1 1
41 15 0 0 0 0 0 0 0 0
42 30 1 1 15 0 0 0 0 0
43 15 0 0 0 0 0 15 0 0
47 15 0 0 0 0 0 15 0 0
48 15 0 0 0 0 0 15 0 0
49 15 0 0 0 0 0 15 0 0
50 15 0 0 0 0 0 15 0 0
51 15 0 0 0 0 0 0 0 0
53 30 1 1 15 0 0 0 0 0
55 15 0 0 0 0 0 15 0 0
56 15 0 0 15 0 0 0 0 0
57 15 0 0 0 0 0 0 0 0
59 30 0 0 15 0 0 0 0 0
61 15 1 1 0 0 0 15 0 0
66 1 0 0 1 1 0 0 0 0
67 1 0 0 0 0 0 0 0 0
69 14 0 0 0 0 0 0 0 0
72 14 0 0 0 0 0 0 0 0
73 14 0 0 0 0 0 14 1 1
80 14 0 0 0 0 0 0 0 0
81 14 0 0 14 0 0 0 0 0
84 1 1 1 0 0 0 0 0 0
fl=./setjmp/./setjmp/sigjmp.c
fn=__sigjmp_save
28 3 0 0 0 0 0 1 0 0
29 1 0 0 0 0 0 1 0 0
30 2 0 0 0 0 0 0 0 0
34 3 0 0 2 0 0 0 0 0
fl=./stdio-common/../include/../locale/localeinfo.h
fn=__printf_fp_l
315 150 0 0 100 100 100 50 50 50
fl=./stdio-common/../include/rounding-mode.h
fn=__printf_fp_l
52 136 0 0 0 0 0 0 0 0
58 36 0 0 0 0 0 0 0 0
fl=./stdio-common/../libio/libioP.h
fn=__vfprintf_internal
940 200 0 0 50 50 50 50 0 0
942 300 0 0 0 0 0 0 0 0
943 200 0 0 50 0 0 0 0 0
fl=./stdio-common/../sysdeps/generic/get-rounding-mode.h
fn=__printf_fp_l
94 50 37 37 0 0 0 50 0 0
95 350 1 1 50 0 0 0 0 0
fl=./stdio-common/../sysdeps/pthread/allocalim.h
fn=__printf_fp_l
27 100 0 0 0 0 0 50 0 0
29 250 0 0 50 0 0 0 0 0
fl=./stdio-common/./stdio-common/printf-parse.h
fn=__vfprintf_internal
88 50 0 0 0 0 0 0 0 0
111 400 0 0 50 0 0 150 50 50
fl=./stdio-common/./stdio-common/printf_fp.c
fn=__printf_fp
1278 150 2 2 0 0 0 0 0 0
1279 200 0 0 100 0 0 0 0 0
fn=__printf_fp_l
216 800 51 51 50 0 0 450 150 150
233 50 0 0 0 0 0 50 0 0
234 50 0 0 0 0 0 50 0 0
257 50 0 0 0 0 0 50 0 0
260 100 50 50 0 0 0 0 0 0
266 300 0 0 50 0 0 50 0 0
274 50 50 50 0 0 0 50 0 0
277 150 0 0 0 0 0 0 0 0
280 100 0 0 50 0 0 50 0 0
298 150 50 50 50 0 0 0 0 0
306 50 0 0 0 0 0 50 0 0
387 100 0 0 0 0 0 0 0 0
388 100 0 0 50 0 0 50 0 0
392 100 1 1 0 0 0 0 0 0
396 850 5 5 150 100 100 50 50 50
432 250 0 0 50 0 0 0 0 0
433 50 0 0 0 0 0 0 0 0
434 100 0 0 0 0 0 0 0 0
437 900 52 52 50 0 0 50 0 0
438 800 1 1 50 50 50 50 0 0
439 800 2 2 50 0 0 50 0 0
445 50 0 0 0 0 0 50 0 0
446 100 0 0 0 0 0 0 0 0
649 100 1 1 0 0 0 0 0 0
813 50 1 1 0 0 0 0 0 0
825 250 0 0 0 0 0 50 50 50
826 250 2 2 100 0 0 100 0 0
827 100 0 0 0 0 0 50 0 0
831 150 1 1 100 0 0 50 0 0
840 100 1 1 0 0 0 50 0 0
841 300 0 0 200 50 50 50 0 0
843 100 1 1 0 0 0 0 0 0
847 100 0 0 50 0 0 50 0 0
853 100 0 0 50 0 0 0 0 0
861 50 0 0 50 0 0 0 0 0
873 300 0 0 0 0 0 100 0 0
874 250 52 52 100 0 0 0 0 0
883 100 1 1 0 0 0 0 0 0
887 50 0 0 0 0 0 50 0 0
888 100 0 0 0 0 0 50 0 0
889 200 0 0 50 0 0 50 0 0
895 150 0 0 50 0 0 50 0 0
898 300 50 50 150 0 0 50 0 0
901 100 0 0 50 0 0 0 0 0
915 200 50 50 50 0 0 50 0 0
916 50 2 2 50 0 0 0 0 0
922 50 0 0 0 0 0 0 0 0
932 900 3 3 50 0 0 150 0 0
933 250 0 0 0 0 0 0 0 0
936 150 0 0 50 0 0 0 0 0
939 350 1 1 100 0 0 0 0 0
942 400 1 1 50 0 0 150 50 50
944 50 0 0 0 0 0 0 0 0
946 300 0 0 150 0 0 0 0 0
947 250 100 100 100 0 0 0 0 0
948 150 0 0 50 0 0 50 0 0
960 150 0 0 0 0 0 50 0 0
961 200 0 0 0 0 0 100 0 0
962 900 1 1 350 0 0 0 0 0
963 1850 51 51 600 0 0 0 0 0
965 250 0 0 0 0 0 0 0 0
966 750 0 0 0 0 0 500 0 0
967 250 0 0 0 0 0 0 0 0
969 1000 0 0 0 0 0 0 0 0
978 150 0 0 100 0 0 0 0 0
979 250 50 50 0 0 0 150 0 0
981 400 0 0 100 0 0 0 0 0
982 13 0 0 0 0 0 0 0 0
983 52 0 0 26 0 0 0 0 0
986 26 13 13 13 0 0 0 0 0
991 56 0 0 14 0 0 0 0 0
1003 54 0 0 18 0 0 0 0 0
1007 18 0 0 0 0 0 0 0 0
1008 120 2 2 38 0 0 0 0 0
1010 2 0 0 0 0 0 2 0 0
1011 2 0 0 0 0 0 0 0 0
1013 84 0 0 34 0 0 0 0 0
1017 36 1 1 0 0 0 18 0 0
1028 36 0 0 18 0 0 0 0 0
1097 212 1 1 53 0 0 0 0 0
1099 3 0 0 0 0 0 0 0 0
1100 3 0 0 0 0 0 0 0 0
1104 100 0 0 0 0 0 0 0 0
1107 150 1 1 50 0 0 0 0 0
1120 150 1 1 50 0 0 0 0 0
1166 350 1 1 150 0 0 0 0 0
1168 350 1 1 50 0 0 50 0 0
1170 400 1 1 100 0 0 0 0 0
1175 150 0 0 0 0 0 0 0 0
1177 100 1 1 0 0 0 0 0 0
1180 250 1 1 100 0 0 0 0 0
1188 150 50 50 50 0 0 0 0 0
1195 150 0 0 100 0 0 0 0 0
1200 200 1 1 50 0 0 100 0 0
1202 200 0 0 100 0 0 0 0 0
1203 100 0 0 0 0 0 0 0 0
1207 200 1 1 50 0 0 50 0 0
1209 150 0 0 50 0 0 0 0 0
1220 800 50 50 50 0 0 50 0 0
1227 1641 50 50 150 0 0 150 0 0
1228 1041 2 2 347 0 0 0 0 0
1229 200 0 0 50 0 0 50 0 0
1230 594 0 0 0 0 0 0 0 0
1233 594 0 0 0 0 0 297 0 0
1237 300 1 1 250 0 0 0 0 0
1254 5308 2 2 1041 0 0 694 0 0
1257 150 2 2 50 0 0 0 0 0
1268 150 0 0 100 0 0 0 0 0
1272 600 50 50 450 0 0 0 0 0
fn=hack_digit
170 1400 50 50 0 0 0 700 0 0
173 1050 0 0 350 0 0 0 0 0
175 1050 0 0 350 0 0 0 0 0
177 1400 1 1 1050 0 0 0 0 0
178 1750 1 1 0 0 0 700 50 50
209 350 0 0 0 0 0 0 0 0
210 1750 0 0 1050 0 0 0 0 0
fl=./stdio-common/./stdio-common/vfprintf-internal.c
fn=__vfprintf_internal
127 1450 1 1 0 0 0 0 0 0
239 700 4 4 250 50 50 100 0 0
351 150 0 0 0 0 0 0 0 0
352 150 0 0 0 0 0 0 0 0
354 100 50 50 0 0 0 50 0 0
1180 600 2 2 0 0 0 450 99 99
1210 250 0 0 150 0 0 100 0 0
1214 50 0 0 0 0 0 50 0 0
1218 250 3 3 50 0 0 0 0 0
1222 250 0 0 100 0 0 0 0 0
1233 100 0 0 0 0 0 0 0 0
1240 50 0 0 0 0 0 50 0 0
1244 300 1 1 150 0 0 150 49 49
1248 50 0 0 0 0 0 50 0 0
1259 200 0 0 0 0 0 100 0 0
1263 200 0 0 100 0 0 0 0 0
1267 150 1 1 100 0 0 0 0 0
1271 400 2 2 150 100 100 50 0 0
1291 50 0 0 0 0 0 50 0 0
1292 50 0 0 0 0 0 50 0 0
1293 50 0 0 0 0 0 50 0 0
1294 50 0 0 0 0 0 50 0 0
1295 50 0 0 0 0 0 50 0 0
1298 50 0 0 0 0 0 0 0 0
1299 50 0 0 0 0 0 0 0 0
1300 50 0 0 0 0 0 0 0 0
1301 50 0 0 0 0 0 0 0 0
1302 50 0 0 0 0 0 50 0 0
1303 50 0 0 0 0 0 0 0 0
1306 50 1 1 0 0 0 50 0 0
1307 100 1 1 0 0 0 50 0 0
1313 750 2 2 150 100 100 0 0 0
1352 150 0 0 100 0 0 50 0 0
1421 50 50 50 0 0 0 0 0 0
1422 150 0 0 50 0 0 0 0 0
1426 100 0 0 0 0 0 50 0 0
1427 200 1 1 50 0 0 0 0 0
1442 450 2 2 150 0 0 50 0 0
1445 100 1 1 50 0 0 0 0 0
1463 900 2 2 200 100 100 0 0 0
1499 100 50 50 0 0 0 0 0 0
1501 100 0 0 0 0 0 0 0 0
1516 150 50 50 0 0 0 50 0 0
1532 300 0 0 100 0 0 50 0 0
1535 1700 52 52 400 0 0 300 49 49
1555 850 3 3 200 0 0 150 0 0
1556 100 1 1 0 0 0 50 0 0
1559 100 0 0 0 0 0 0 0 0
1564 100 1 1 0 0 0 0 0 0
1583 50 0 0 50 0 0 0 0 0
1589 50 1 1 0 0 0 0 0 0
1593 200 0 0 0 0 0 0 0 0
1595 150 0 0 50 0 0 0 0 0
1608 100 1 1 50 0 0 0 0 0
1609 100 0 0 50 0 0 0 0 0
1612 600 0 0 450 0 0 0 0 0
fl=./stdlib/../stdlib/strtol.c
fn=strtol
105 3 1 1 0 0 0 0 0 0
106 12 0 0 6 0 0 0 0 0
fn=strtoul
105 18 1 1 0 0 0 0 0 0
106 72 0 0 36 0 0 0 0 0
fl=./stdlib/../stdlib/strtol_l.c
fn=____strtol_l_internal
225 33 1 1 0 0 0 21 0 0
239 3 0 0 3 1 0 0 0 0
244 3 0 0 0 0 0 0 0 0
245 6 1 1 0 0 0 0 0 0
251 6 0 0 0 0 0 0 0 0
279 3 0 0 0 0 0 0 0 0
282 12 0 0 0 0 0 0 0 0
291 18 1 1 9 2 0 0 0 0
293 6 0 0 0 0 0 0 0 0
297 3 0 0 0 0 0 3 0 0
298 6 1 1 0 0 0 0 0 0
303 6 0 0 0 0 0 0 0 0
307 6 0 0 0 0 0 0 0 0
309 3 0 0 3 1 0 0 0 0
317 6 0 0 0 0 0 0 0 0
324 6 1 1 0 0 0 0 0 0
327 12 0 0 0 0 0 3 0 0
377 3 0 0 0 0 0 0 0 0
431 14 0 0 7 0 0 0 0 0
433 40 0 0 0 0 0 0 0 0
435 21 0 0 0 0 0 0 0 0
449 6 0 0 0 0 0 3 0 0
459 12 0 0 3 0 0 0 0 0
463 21 1 1 0 0 0 0 0 0
466 21 0 0 0 0 0 0 0 0
471 13 1 1 0 0 0 0 0 0
472 21 0 0 0 0 0 0 0 0
477 6 0 0 0 0 0 0 0 0
482 9 1 1 3 0 0 0 0 0
483 3 0 0 0 0 0 3 0 0
488 6 0 0 0 0 0 0 0 0
489 6 0 0 0 0 0 0 0 0
491 9 2 2 3 0 0 0 0 0
506 15 0 0 3 0 0 0 0 0
524 24 0 0 21 0 0 0 0 0
fn=____strtoul_l_internal
225 198 2 2 0 0 0 126 0 0
239 18 0 0 18 0 0 0 0 0
244 18 0 0 0 0 0 0 0 0
245 18 0 0 0 0 0 0 0 0
251 36 0 0 0 0 0 0 0 0
279 18 0 0 0 0 0 0 0 0
282 72 0 0 0 0 0 0 0 0
291 108 1 1 54 3 2 0 0 0
293 36 0 0 0 0 0 0 0 0
297 18 0 0 0 0 0 18 0 0
298 36 0 0 0 0 0 0 0 0
303 36 1 1 0 0 0 0 0 0
307 36 0 0 0 0 0 0 0 0
309 20 1 1 18 1 0 0 0 0
317 34 0 0 0 0 0 0 0 0
324 36 1 1 0 0 0 0 0 0
327 70 1 1 0 0 0 0 0 0
372 52 0 0 18 1 1 0 0 0
373 53 1 1 18 1 1 18 0 0
377 19 0 0 0 0 0 0 0 0
431 44 0 0 22 0 0 0 0 0
433 156 0 0 0 0 0 0 0 0
435 72 0 0 0 0 0 0 0 0
442 4 0 0 0 0 0 0 0 0
449 36 0 0 0 0 0 18 0 0
459 76 1 1 20 0 0 0 0 0
460 4 0 0 2 1 1 0 0 0
463 72 0 0 0 0 0 0 0 0
466 66 0 0 0 0 0 0 0 0
471 58 1 1 0 0 0 0 0 0
472 66 0 0 0 0 0 0 0 0
477 36 0 0 0 0 0 0 0 0
482 48 0 0 16 0 0 0 0 0
483 16 0 0 0 0 0 16 0 0
495 32 0 0 0 0 0 0 0 0
506 96 0 0 16 0 0 0 0 0
513 4 1 1 2 0 0 0 0 0
515 8 0 0 0 0 0 0 0 0
520 6 1 1 2 0 0 2 0 0
523 2 0 0 0 0 0 0 0 0
524 162 1 1 126 0 0 0 0 0
fl=./stdlib/../sysdeps/ieee754/dbl-64/dbl2mpn.c
fn=__mpn_extract_double
33 150 50 50 0 0 0 0 0 0
35 50 0 0 0 0 0 0 0 0
37 150 0 0 0 0 0 50 0 0
38 250 0 0 0 0 0 50 0 0
47 150 0 0 0 0 0 50 50 50
56 150 2 2 0 0 0 0 0 0
103 100 0 0 0 0 0 50 0 0
107 100 0 0 50 0 0 0 0 0
fl=./stdlib/../sysdeps/unix/sysv/linux/getrandom.c
fn=getrandom
28 1 1 1 0 0 0 0 0 0
29 7 1 1 1 0 0 0 0 0
30 1 0 0 1 0 0 0 0 0
fl=./stdlib/../sysdeps/x86_64/lshift.S
fn=__mpn_lshift
28 50 1 1 0 0 0 0 0 0
29 50 0 0 0 0 0 0 0 0
30 50 0 0 0 0 0 0 0 0
32 50 0 0 0 0 0 0 0 0
33 50 0 0 0 0 0 0 0 0
34 50 0 0 0 0 0 0 0 0
46 50 1 1 0 0 0 0 0 0
47 50 0 0 0 0 0 0 0 0
48 50 0 0 50 0 0 0 0 0
49 50 0 0 0 0 0 0 0 0
50 50 0 0 0 0 0 0 0 0
51 50 0 0 0 0 0 0 0 0
52 50 0 0 0 0 0 0 0 0
58 50 0 0 0 0 0 0 0 0
59 50 0 0 0 0 0 50 0 0
60 50 0 0 50 0 0 0 0 0
fl=./stdlib/../sysdeps/x86_64/mul_1.S
fn=__mpn_mul_1
31 350 50 50 0 0 0 0 0 0
32 350 0 0 0 0 0 350 0 0
35 350 0 0 0 0 0 0 0 0
36 350 0 0 350 0 0 0 0 0
37 350 0 0 0 0 0 0 0 0
38 350 0 0 0 0 0 0 0 0
39 350 0 0 0 0 0 0 0 0
41 350 0 0 0 0 0 0 0 0
42 350 0 0 0 0 0 0 0 0
44 350 0 0 0 0 0 0 0 0
45 350 0 0 0 0 0 0 0 0
46 350 50 50 0 0 0 0 0 0
47 350 0 0 0 0 0 0 0 0
48 350 0 0 0 0 0 0 0 0
50 350 0 0 0 0 0 0 0 0
51 350 0 0 0 0 0 0 0 0
52 350 0 0 0 0 0 350 0 0
53 350 0 0 0 0 0 0 0 0
122 350 2 2 0 0 0 0 0 0
124 350 0 0 350 0 0 0 0 0
127 350 0 0 350 0 0 0 0 0
fl=./stdlib/./stdlib/cxa_atexit.c
fn=__cxa_atexit
41 22 0 0 0 0 0 0 0 0
43 66 0 0 11 2 0 0 0 0
44 22 2 1 0 0 0 11 0 0
46 22 0 0 0 0 0 0 0 0
53 33 0 0 11 0 0 0 0 0
55 11 0 0 0 0 0 11 0 0
56 22 0 0 11 0 0 11 5 2
58 11 0 0 0 0 0 11 0 0
59 44 2 1 22 0 0 0 0 0
60 11 0 0 0 0 0 0 0 0
69 99 2 1 0 0 0 44 0 0
71 66 0 0 44 0 0 0 0 0
fn=__new_exitfn
82 55 2 1 0 0 0 22 0 0
83 22 0 0 0 0 0 0 0 0
88 22 0 0 11 0 0 0 0 0
93 48 0 0 12 2 0 0 0 0
95 44 2 1 11 2 0 0 0 0
96 50 0 0 10 1 0 0 0 0
103 1 0 0 0 0 0 1 0 0
106 20 1 0 0 0 0 0 0 0
124 1 0 0 0 0 0 0 0 0
125 2 1 1 0 0 0 1 0 0
131 30 0 0 0 0 0 0 0 0
132 20 0 0 0 0 0 10 0 0
138 11 1 1 0 0 0 11 1 0
139 11 0 0 11 0 0 0 0 0
143 55 0 0 33 0 0 0 0 0
fl=./stdlib/./stdlib/cxa_finalize.c
fn=__cxa_finalize
30 54 1 1 0 0 0 36 0 0
33 36 1 1 6 0 0 0 0 0
36 36 1 1 12 0 0 0 0 0
40 211 0 0 6 0 0 0 0 0
41 126 1 1 63 3 3 0 0 0
43 9 0 0 9 0 0 0 0 0
45 9 0 0 9 0 0 0 0 0
76 9 0 0 0 0 0 9 0 0
79 27 1 1 18 0 0 0 0 0
82 36 0 0 18 0 0 0 0 0
83 27 0 0 0 0 0 9 0 0
84 36 0 0 9 0 0 0 0 0
88 18 0 0 9 0 0 0 0 0
94 42 1 1 12 1 1 0 0 0
98 36 0 0 6 1 1 0 0 0
105 12 0 0 0 0 0 0 0 0
106 12 0 0 0 0 0 6 0 0
107 24 0 0 12 0 0 0 0 0
108 48 1 1 42 0 0 0 0 0
fl=./stdlib/./stdlib/cxa_thread_atexit_impl.c
fn=__call_tls_dtors
149 4 1 1 0 0 0 2 0 0
150 4 0 0 2 0 0 0 0 0
168 4 1 1 3 0 0 0 0 0
fl=./stdlib/./stdlib/exit.c
fn=__run_exit_handlers
40 11 1 1 0 0 0 7 0 0
45 2 0 0 0 0 0 0 0 0
46 2 0 0 0 0 0 1 0 0
48 5 1 1 1 1 1 0 0 0
56 1 0 0 1 1 1 0 0 0
58 3 0 0 0 0 0 0 0 0
62 1 0 0 0 0 0 1 0 0
66 27 0 0 3 1 1 0 0 0
68 22 0 0 0 0 0 11 0 0
71 95 1 1 11 2 2 0 0 0
98 1 0 0 0 0 0 0 0 0
105 4 1 1 0 0 0 2 0 0
106 2 0 0 2 0 0 0 0 0
107 2 0 0 2 0 0 0 0 0
109 4 1 1 2 0 0 0 0 0
112 8 0 0 4 0 0 0 0 0
113 6 0 0 0 0 0 2 0 0
114 8 0 0 2 0 0 0 0 0
124 2 1 1 1 0 0 1 0 0
125 2 0 0 0 0 0 0 0 0
131 4 0 0 2 0 0 0 0 0
133 2 0 0 1 0 0 0 0 0
134 9 1 1 1 1 1 1 0 0
136 2 0 0 0 0 0 1 0 0
fn=exit
142 4 1 1 1 0 0 1 0 0
143 4 1 1 0 0 0 1 0 0
fl=./stdlib/./stdlib/getenv.c
fn=getenv
34 224 2 2 0 0 0 168 0 0
38 224 0 0 84 3 3 0 0 0
41 56 0 0 28 0 0 0 0 0
65 56 2 2 0 0 0 28 0 0
67 28 0 0 28 0 0 0 0 0
72 28 0 0 0 0 0 0 0 0
73 28 0 0 0 0 0 0 0 0
75 3780 0 0 952 5 0 0 0 0
84 1848 0 0 924 13 0 0 0 0
91 252 0 0 196 0 0 0 0 0
fl=./stdlib/./stdlib/rand.c
fn=rand
26 7984008 1 1 0 0 0 0 0 0
27 3992004 0 0 0 0 0 3992004 0 0
28 7984008 0 0 3992004 0 0 0 0 0
fl=./stdlib/./stdlib/random.c
fn=random
288 19960020 2 2 3992004 1 0 3992004 0 0
291 11976012 0 0 3992004 1 1 0 0 0
293 11976012 0 0 0 0 0 3992004 1 0
295 15968016 0 0 7984008 0 0 0 0 0
297 3992004 0 0 3992004 0 0 0 0 0
298 19960020 1 1 11976012 0 0 0 0 0
fn=srand
209 3 1 1 0 0 0 1 0 0
210 4 0 0 1 1 1 0 0 0
211 3 1 1 0 0 0 1 0 0
212 4 0 0 2 0 0 0 0 0
213 2 0 0 2 0 0 0 0 0
fl=./stdlib/./stdlib/random_r.c
fn=random_r
354 3992004 1 1 0 0 0 0 0 0
357 15968016 0 0 0 0 0 0 0 0
360 4120778 0 0 3992004 0 0 0 0 0
362 11976012 0 0 3992004 1 1 0 0 0
370 3992004 0 0 3992004 0 0 0 0 0
371 3992004 0 0 3992004 0 0 0 0 0
372 3992004 1 1 3992004 1 1 0 0 0
375 11976012 0 0 7984008 2 2 3992004 0 0
377 7984008 0 0 0 0 0 3992004 0 0
378 3992004 0 0 0 0 0 0 0 0
379 7984008 0 0 0 0 0 0 0 0
382 3992004 0 0 0 0 0 0 0 0
387 7855234 0 0 0 0 0 0 0 0
390 15968016 0 0 0 0 0 3992004 0 0
393 3992004 0 0 0 0 0 0 0 0
398 15452920 0 0 3992004 0 0 0 0 0
fn=srandom_r
162 1 1 1 0 0 0 0 0 0
170 2 0 0 0 0 0 0 0 0
172 1 0 0 1 1 0 0 0 0
173 2 0 0 0 0 0 0 0 0
176 1 0 0 1 0 0 0 0 0
180 4 0 0 0 0 0 1 1 1
181 2 0 0 0 0 0 0 0 0
186 1 0 0 1 0 0 0 0 0
187 65 1 1 0 0 0 0 0 0
192 240 0 0 0 0 0 0 0 0
193 60 0 0 0 0 0 0 0 0
194 90 1 1 0 0 0 0 0 0
196 90 0 0 0 0 0 0 0 0
197 60 0 0 0 0 0 30 1 1
200 6 0 0 1 1 0 1 0 0
202 1 0 0 0 0 0 0 0 0
203 622 0 0 0 0 0 0 0 0
210 22 0 0 1 0 0 0 0 0
362 930 1 1 310 0 0 0 0 0
370 310 0 0 310 0 0 0 0 0
371 310 0 0 310 0 0 0 0 0
372 310 0 0 310 0 0 0 0 0
375 620 0 0 620 0 0 0 0 0
378 310 0 0 0 0 0 0 0 0
379 620 0 0 0 0 0 0 0 0
382 310 0 0 0 0 0 0 0 0
387 600 0 0 0 0 0 0 0 0
390 1240 1 1 0 0 0 310 0 0
fl=./stdlib/./stdlib/secure-getenv.c
fn=secure_getenv
28 2 1 1 0 0 0 0 0 0
29 10 0 0 4 0 0 0 0 0
fl=./string/../include/rtld-malloc.h
fn=strdup
56 14 0 0 7 0 0 7 0 0
fl=./string/../sysdeps/x86/cacheinfo.c
fn=__x86_cacheinfo
86 3 1 1 1 0 0 0 0 0
fl=./string/../sysdeps/x86/cacheinfo.h
fn=__x86_cacheinfo
61 1 0 0 1 0 0 0 0 0
64 3 0 0 1 1 0 0 0 0
66 3 0 0 0 0 0 1 0 0
67 1 1 1 0 0 0 1 1 1
73 3 0 0 1 0 0 0 0 0
75 3 0 0 0 0 0 1 0 0
76 1 0 0 0 0 0 1 0 0
80 2 1 1 1 0 0 1 1 1
82 2 0 0 1 0 0 1 1 1
83 2 0 0 1 1 0 1 0 0
84 2 0 0 1 0 0 1 0 0
86 2 0 0 1 0 0 0 0 0
fl=./string/../sysdeps/x86_64/memcmp.S
fn=bcmp
22 1 1 1 0 0 0 0 0 0
27 1 0 0 0 0 0 0 0 0
28 1 0 0 0 0 0 0 0 0
29 1 0 0 0 0 0 0 0 0
30 1 0 0 0 0 0 0 0 0
31 1 0 0 0 0 0 0 0 0
32 1 0 0 0 0 0 0 0 0
33 1 0 0 0 0 0 0 0 0
34 1 0 0 0 0 0 0 0 0
37 1 0 0 0 0 0 0 0 0
38 1 0 0 0 0 0 0 0 0
39 1 1 1 1 0 0 0 0 0
40 1 0 0 1 0 0 0 0 0
41 1 0 0 0 0 0 0 0 0
42 1 0 0 0 0 0 0 0 0
43 1 0 0 0 0 0 0 0 0
44 1 0 0 0 0 0 0 0 0
45 1 0 0 0 0 0 0 0 0
47 1 0 0 0 0 0 0 0 0
48 1 0 0 0 0 0 0 0 0
65 1 1 1 0 0 0 0 0 0
66 1 0 0 0 0 0 0 0 0
83 1 0 0 0 0 0 0 0 0
84 1 0 0 0 0 0 0 0 0
85 1 0 0 1 0 0 0 0 0
86 1 0 0 1 0 0 0 0 0
87 1 0 0 0 0 0 0 0 0
91 1 0 0 0 0 0 0 0 0
93 1 0 0 0 0 0 0 0 0
94 1 0 0 0 0 0 0 0 0
98 1 0 0 0 0 0 0 0 0
138 1 1 1 0 0 0 0 0 0
139 1 0 0 0 0 0 0 0 0
140 1 0 0 0 0 0 0 0 0
141 1 0 0 0 0 0 0 0 0
142 1 0 0 0 0 0 0 0 0
143 1 0 0 0 0 0 0 0 0
144 1 1 1 0 0 0 0 0 0
145 1 0 0 0 0 0 0 0 0
146 1 0 0 0 0 0 0 0 0
147 1 0 0 0 0 0 0 0 0
148 1 0 0 0 0 0 0 0 0
149 1 0 0 0 0 0 0 0 0
150 1 0 0 1 0 0 0 0 0
fl=./string/../sysdeps/x86_64/multiarch/../strchr.S
fn=index
23 30 1 1 0 0 0 0 0 0
24 30 0 0 0 0 0 0 0 0
25 30 0 0 0 0 0 0 0 0
26 30 0 0 0 0 0 0 0 0
27 30 0 0 0 0 0 0 0 0
28 30 0 0 0 0 0 0 0 0
29 30 0 0 0 0 0 0 0 0
30 30 0 0 0 0 0 0 0 0
31 30 0 0 0 0 0 0 0 0
32 30 0 0 30 7 7 0 0 0
33 30 0 0 0 0 0 0 0 0
34 30 1 1 0 0 0 0 0 0
35 30 0 0 0 0 0 0 0 0
36 30 0 0 0 0 0 0 0 0
37 30 0 0 0 0 0 0 0 0
38 30 0 0 0 0 0 0 0 0
39 30 0 0 0 0 0 0 0 0
40 30 0 0 0 0 0 0 0 0
41 26 0 0 0 0 0 0 0 0
45 26 0 0 0 0 0 0 0 0
46 26 0 0 0 0 0 0 0 0
47 26 0 0 26 0 0 0 0 0
48 26 0 0 0 0 0 0 0 0
50 26 0 0 26 0 0 0 0 0
54 4 0 0 4 0 0 0 0 0
55 4 0 0 0 0 0 0 0 0
56 4 0 0 0 0 0 0 0 0
57 4 1 1 0 0 0 0 0 0
58 4 0 0 0 0 0 0 0 0
59 4 0 0 0 0 0 0 0 0
60 4 0 0 4 0 0 0 0 0
61 4 0 0 0 0 0 0 0 0
62 4 0 0 0 0 0 0 0 0
63 4 0 0 0 0 0 0 0 0
64 4 0 0 0 0 0 0 0 0
65 4 0 0 0 0 0 0 0 0
66 4 0 0 0 0 0 0 0 0
67 4 0 0 4 0 0 0 0 0
68 4 0 0 0 0 0 0 0 0
69 4 0 0 0 0 0 0 0 0
70 4 0 0 0 0 0 0 0 0
71 4 0 0 0 0 0 0 0 0
72 4 0 0 0 0 0 0 0 0
73 4 1 1 0 0 0 0 0 0
74 4 0 0 0 0 0 0 0 0
75 4 0 0 0 0 0 0 0 0
76 4 0 0 0 0 0 0 0 0
77 4 0 0 0 0 0 0 0 0
129 4 2 1 0 0 0 0 0 0
133 4 0 0 0 0 0 0 0 0
134 4 0 0 0 0 0 0 0 0
135 4 0 0 4 0 0 0 0 0
136 4 0 0 0 0 0 0 0 0
138 4 0 0 4 0 0 0 0 0
fl=./string/../sysdeps/x86_64/multiarch/ifunc-avx2.h
fn=memrchr
32 2 0 0 0 0 0 0 0 0
33 5 1 1 2 0 0 0 0 0
34 3 0 0 1 0 0 0 0 0
36 2 0 0 0 0 0 0 0 0
37 2 0 0 0 0 0 0 0 0
40 3 0 0 0 0 0 0 0 0
43 4 0 0 0 0 0 0 0 0
fn=rindex
32 2 1 1 0 0 0 0 0 0
33 5 0 0 2 0 0 0 0 0
34 3 0 0 1 0 0 0 0 0
36 2 0 0 0 0 0 0 0 0
37 2 0 0 0 0 0 0 0 0
40 3 0 0 0 0 0 0 0 0
43 4 0 0 0 0 0 0 0 0
fn=strchrnul
32 2 0 0 0 0 0 0 0 0
33 5 0 0 2 0 0 0 0 0
34 3 1 1 1 0 0 0 0 0
36 2 0 0 0 0 0 0 0 0
37 2 1 1 0 0 0 0 0 0
40 3 0 0 0 0 0 0 0 0
43 4 0 0 0 0 0 0 0 0
fn=strlen
32 4 1 1 0 0 0 0 0 0
33 10 0 0 4 2 0 0 0 0
34 6 0 0 2 1 0 0 0 0
36 4 0 0 0 0 0 0 0 0
37 4 0 0 0 0 0 0 0 0
40 6 0 0 0 0 0 0 0 0
43 8 0 0 0 0 0 0 0 0
fn=strnlen
32 4 1 1 0 0 0 0 0 0
33 10 0 0 4 1 0 0 0 0
34 6 0 0 2 0 0 0 0 0
36 4 0 0 0 0 0 0 0 0
37 4 0 0 0 0 0 0 0 0
40 6 0 0 0 0 0 0 0 0
43 8 0 0 0 0 0 0 0 0
fl=./string/../sysdeps/x86_64/multiarch/ifunc-evex.h
fn=memchr
34 4 0 0 0 0 0 0 0 0
35 10 2 2 4 1 1 0 0 0
36 6 0 0 2 0 0 0 0 0
38 4 0 0 0 0 0 0 0 0
39 4 2 2 0 0 0 0 0 0
41 4 0 0 0 0 0 0 0 0
47 6 0 0 0 0 0 0 0 0
50 8 0 0 0 0 0 0 0 0
fn=rawmemchr
34 2 0 0 0 0 0 0 0 0
35 5 0 0 2 0 0 0 0 0
36 3 0 0 1 0 0 0 0 0
38 2 0 0 0 0 0 0 0 0
39 2 0 0 0 0 0 0 0 0
41 2 1 1 0 0 0 0 0 0
47 3 0 0 0 0 0 0 0 0
50 4 0 0 0 0 0 0 0 0
fl=./string/../sysdeps/x86_64/multiarch/ifunc-memcmp.h
fn=bcmp
34 8 0 0 4 2 2 0 0 0
35 6 0 0 2 1 1 0 0 0
36 4 2 2 0 0 0 0 0 0
37 6 0 0 2 0 0 0 0 0
39 4 0 0 0 0 0 0 0 0
40 4 0 0 0 0 0 0 0 0
43 6 0 0 0 0 0 0 0 0
46 6 0 0 0 0 0 0 0 0
fl=./string/../sysdeps/x86_64/multiarch/ifunc-memmove.h
fn=memcpy@@GLIBC_2.14
52 6 0 0 0 0 0 0 0 0
53 9 0 0 6 1 0 0 0 0
56 9 0 0 3 1 0 0 0 0
57 6 2 1 0 0 0 0 0 0
70 6 0 0 0 0 0 0 0 0
72 6 2 1 0 0 0 0 0 0
80 6 0 0 0 0 0 0 0 0
88 6 0 0 0 0 0 0 0 0
90 15 2 1 3 0 0 0 0 0
fn=memmove
52 6 0 0 0 0 0 0 0 0
53 9 0 0 6 0 0 0 0 0
56 9 1 1 3 0 0 0 0 0
57 6 1 1 0 0 0 0 0 0
70 6 0 0 0 0 0 0 0 0
72 6 0 0 0 0 0 0 0 0
80 6 0 0 0 0 0 0 0 0
88 6 0 0 0 0 0 0 0 0
90 15 1 1 3 0 0 0 0 0
fn=mempcpy
52 2 0 0 0 0 0 0 0 0
53 3 0 0 2 0 0 0 0 0
56 3 0 0 1 0 0 0 0 0
57 2 1 1 0 0 0 0 0 0
70 2 0 0 0 0 0 0 0 0
72 2 1 1 0 0 0 0 0 0
80 2 0 0 0 0 0 0 0 0
88 2 0 0 0 0 0 0 0 0
90 5 1 1 1 0 0 0 0 0
fl=./string/../sysdeps/x86_64/multiarch/ifunc-memset.h
fn=memset
50 5 0 0 2 0 0 0 0 0
53 3 0 0 1 0 0 0 0 0
54 2 1 1 0 0 0 0 0 0
60 2 1 1 0 0 0 0 0 0
69 2 0 0 0 0 0 0 0 0
71 2 0 0 0 0 0 0 0 0
81 2 0 0 0 0 0 0 0 0
89 2 0 0 0 0 0 0 0 0
91 5 0 0 1 0 0 0 0 0
fl=./string/../sysdeps/x86_64/multiarch/ifunc-sse4_2.h
fn=strcspn
30 5 1 1 2 0 0 0 0 0
fn=strpbrk
30 5 1 1 2 1 0 0 0 0
fn=strspn
30 5 0 0 2 0 0 0 0 0
fl=./string/../sysdeps/x86_64/multiarch/ifunc-strcasecmp.h
fn=strcasecmp
32 5 1 1 2 0 0 0 0 0
fn=strcasecmp_l
32 5 0 0 2 0 0 0 0 0
fn=strncasecmp
32 5 0 0 2 0 0 0 0 0
fn=strncasecmp_l
32 5 0 0 2 0 0 0 0 0
fl=./string/../sysdeps/x86_64/multiarch/ifunc-strcpy.h
fn=stpcpy
36 4 0 0 2 0 0 0 0 0
37 3 0 0 1 0 0 0 0 0
39 2 1 1 0 0 0 0 0 0
40 2 0 0 0 0 0 0 0 0
43 3 0 0 0 0 0 0 0 0
46 3 0 0 0 0 0 0 0 0
fn=stpncpy
36 4 0 0 2 0 0 0 0 0
37 3 1 1 1 0 0 0 0 0
39 2 0 0 0 0 0 0 0 0
40 2 0 0 0 0 0 0 0 0
43 3 0 0 0 0 0 0 0 0
46 3 0 0 0 0 0 0 0 0
fn=strcat
36 4 0 0 2 0 0 0 0 0
37 3 0 0 1 0 0 0 0 0
39 2 1 1 0 0 0 0 0 0
40 2 0 0 0 0 0 0 0 0
43 3 0 0 0 0 0 0 0 0
46 3 0 0 0 0 0 0 0 0
fn=strcpy
36 4 0 0 2 0 0 0 0 0
37 3 0 0 1 0 0 0 0 0
39 2 1 1 0 0 0 0 0 0
40 2 0 0 0 0 0 0 0 0
43 3 0 0 0 0 0 0 0 0
46 3 0 0 0 0 0 0 0 0
fn=strncpy
36 4 0 0 2 0 0 0 0 0
37 3 0 0 1 0 0 0 0 0
39 2 1 1 0 0 0 0 0 0
40 2 0 0 0 0 0 0 0 0
43 3 0 0 0 0 0 0 0 0
46 3 0 0 0 0 0 0 0 0
fl=./string/../sysdeps/x86_64/multiarch/memchr-avx2.S
fn=__memchr_avx2
60 50 1 1 0 0 0 0 0 0
67 50 0 0 0 0 0 0 0 0
69 50 0 0 0 0 0 0 0 0
72 50 0 0 0 0 0 0 0 0
73 50 0 0 0 0 0 0 0 0
75 50 0 0 0 0 0 0 0 0
76 50 0 0 0 0 0 0 0 0
77 50 0 0 0 0 0 0 0 0
78 50 0 0 0 0 0 0 0 0
81 50 0 0 50 0 0 0 0 0
82 50 0 0 0 0 0 0 0 0
85 50 0 0 0 0 0 0 0 0
86 50 0 0 0 0 0 0 0 0
98 50 1 1 0 0 0 0 0 0
103 50 0 0 0 0 0 0 0 0
104 50 0 0 0 0 0 0 0 0
105 50 0 0 0 0 0 0 0 0
106 50 0 0 0 0 0 0 0 0
107 100 0 0 50 0 0 0 0 0
fl=./string/../sysdeps/x86_64/multiarch/memchr.c
fn=memchr
29 4 2 2 2 0 0 0 0 0
fl=./string/../sysdeps/x86_64/multiarch/memcmp-avx2-movbe.S
fn=__memcmp_avx2_movbe
71 50 2 2 0 0 0 0 0 0
78 50 0 0 0 0 0 0 0 0
79 50 0 0 0 0 0 0 0 0
82 1 0 0 1 0 0 0 0 0
83 1 0 0 1 0 0 0 0 0
84 1 0 0 0 0 0 0 0 0
88 1 0 0 0 0 0 0 0 0
89 1 0 0 0 0 0 0 0 0
91 1 0 0 0 0 0 0 0 0
92 1 0 0 0 0 0 0 0 0
95 1 0 0 1 0 0 0 0 0
96 1 0 0 1 0 0 0 0 0
97 1 0 0 0 0 0 0 0 0
100 1 0 0 0 0 0 0 0 0
101 1 1 1 0 0 0 0 0 0
104 1 0 0 0 0 0 0 0 0
105 1 0 0 0 0 0 0 0 0
108 1 0 0 1 0 0 0 0 0
109 1 0 0 1 0 0 0 0 0
110 1 0 0 0 0 0 0 0 0
111 1 0 0 0 0 0 0 0 0
112 1 0 0 0 0 0 0 0 0
113 1 0 0 1 0 0 0 0 0
114 1 0 0 1 0 0 0 0 0
115 1 0 0 0 0 0 0 0 0
116 1 0 0 0 0 0 0 0 0
117 1 0 0 0 0 0 0 0 0
120 1 1 1 0 0 0 0 0 0
121 1 0 0 0 0 0 0 0 0
127 1 0 0 1 0 0 0 0 0
128 1 0 0 1 0 0 0 0 0
129 1 0 0 0 0 0 0 0 0
130 1 0 0 0 0 0 0 0 0
134 1 0 0 1 0 0 0 0 0
135 1 0 0 1 0 0 0 0 0
137 1 0 0 1 0 0 0 0 0
138 1 0 0 1 0 0 0 0 0
139 1 0 0 1 0 0 0 0 0
140 1 0 0 1 0 0 0 0 0
143 1 0 0 0 0 0 0 0 0
144 1 1 1 0 0 0 0 0 0
145 1 0 0 0 0 0 0 0 0
146 1 0 0 0 0 0 0 0 0
147 1 0 0 0 0 0 0 0 0
148 1 0 0 0 0 0 0 0 0
150 2 0 0 1 0 0 0 0 0
154 39 1 1 0 0 0 0 0 0
164 39 0 0 39 0 0 0 0 0
165 39 0 0 39 0 0 0 0 0
166 39 0 0 0 0 0 0 0 0
169 78 0 0 39 0 0 0 0 0
399 49 1 1 0 0 0 0 0 0
400 49 0 0 0 0 0 0 0 0
405 49 0 0 0 0 0 0 0 0
406 49 0 0 0 0 0 0 0 0
407 49 0 0 0 0 0 0 0 0
408 49 0 0 0 0 0 0 0 0
409 49 0 0 0 0 0 0 0 0
412 49 0 0 49 0 0 0 0 0
413 49 0 0 49 0 0 0 0 0
414 49 1 1 0 0 0 0 0 0
415 49 0 0 0 0 0 0 0 0
418 49 0 0 0 0 0 0 0 0
419 49 0 0 0 0 0 0 0 0
420 10 0 0 0 0 0 0 0 0
421 20 0 0 10 0 0 0 0 0
fl=./string/../sysdeps/x86_64/multiarch/memcmp.c
fn=bcmp
29 6 4 4 2 0 0 0 0 0
fl=./string/../sysdeps/x86_64/multiarch/memcpy.c
fn=memcpy@@GLIBC_2.14
29 3 2 1 0 0 0 0 0 0
fl=./string/../sysdeps/x86_64/multiarch/memmove-vec-unaligned-erms.S
fn=__memcpy_avx_unaligned_erms
307 105 1 1 0 0 0 0 0 0
308 105 0 0 0 0 0 0 0 0
314 954 0 0 0 0 0 0 0 0
315 954 0 0 0 0 0 0 0 0
317 50 0 0 50 50 50 0 0 0
318 50 0 0 0 0 0 0 0 0
319 50 0 0 0 0 0 0 0 0
357 904 0 0 0 0 0 0 0 0
358 904 0 0 0 0 0 0 0 0
360 705 0 0 0 0 0 0 0 0
361 705 0 0 0 0 0 0 0 0
363 605 0 0 0 0 0 0 0 0
367 605 0 0 0 0 0 0 0 0
368 353 0 0 0 0 0 0 0 0
369 353 0 0 0 0 0 0 0 0
370 353 0 0 353 0 0 0 0 0
371 353 0 0 0 0 0 0 0 0
372 193 0 0 193 0 0 0 0 0
373 193 0 0 0 0 0 193 0 0
375 353 0 0 0 0 0 353 0 0
377 353 0 0 353 0 0 0 0 0
383 252 1 1 252 0 0 0 0 0
384 252 0 0 252 0 0 0 0 0
385 252 0 0 0 0 0 252 0 0
386 252 0 0 0 0 0 252 0 0
387 252 0 0 252 0 0 0 0 0
394 199 0 0 199 0 0 0 0 0
395 199 0 0 199 0 0 0 0 0
396 199 0 0 0 0 0 199 99 99
397 199 0 0 0 0 0 199 99 99
399 199 0 0 199 0 0 0 0 0
416 100 100 50 100 0 0 0 0 0
417 100 0 0 100 0 0 0 0 0
418 100 0 0 0 0 0 100 0 0
419 100 0 0 0 0 0 100 0 0
420 100 0 0 100 0 0 0 0 0
438 50 1 1 50 1 1 0 0 0
439 50 0 0 0 0 0 0 0 0
653 50 2 2 0 0 0 0 0 0
654 50 0 0 0 0 0 0 0 0
658 50 0 0 0 0 0 0 0 0
660 50 0 0 0 0 0 0 0 0
663 50 0 0 0 0 0 0 0 0
667 50 0 0 50 50 50 0 0 0
668 50 0 0 0 0 0 0 0 0
727 50 1 1 50 0 0 0 0 0
728 50 0 0 0 0 0 0 0 0
734 50 0 0 0 0 0 0 0 0
735 50 0 0 0 0 0 0 0 0
736 50 0 0 0 0 0 0 0 0
743 50 0 0 50 50 50 0 0 0
749 50 2 2 0 0 0 50 50 50
751 50 0 0 0 0 0 50 50 50
759 50 0 0 0 0 0 0 0 0
760 50 0 0 0 0 0 0 0 0
762 50 0 0 0 0 0 0 0 0
764 50 0 0 0 0 0 0 0 0
766 50 0 0 0 0 0 0 0 0
768 50 0 0 0 0 0 0 0 0
776 50 0 0 0 0 0 0 0 0
777 50 0 0 0 0 0 0 0 0
778 50 0 0 0 0 0 0 0 0
780 50 0 0 0 0 0 0 0 0
781 50 0 0 0 0 0 0 0 0
782 50 0 0 50 0 0 0 0 0
783 50 0 0 0 0 0 0 0 0
853 50 1 1 0 0 0 0 0 0
855 50 0 0 0 0 0 0 0 0
857 100 0 0 0 0 0 0 0 0
862 48800 1 1 0 0 0 0 0 0
866 3123200 0 0 0 0 0 0 0 0
867 3123200 0 0 0 0 0 0 0 0
868 3123200 0 0 0 0 0 0 0 0
869 3123200 0 0 0 0 0 0 0 0
871 6246400 50 50 6246400 3123150 3081952 0 0 0
872 6246400 0 0 6246400 3123200 3081755 0 0 0
873 6246400 2 2 6246400 3123200 3081960 0 0 0
874 6246400 0 0 6246400 3123200 3081702 0 0 0
875 1561600 0 0 0 0 0 0 0 0
877 6246400 2 2 0 0 0 6246400 3123150 3123150
878 6246400 0 0 0 0 0 6246400 3123200 3123200
879 6246400 50 50 0 0 0 6246400 3123200 3123200
880 6246400 0 0 0 0 0 6246400 3123200 3123200
881 1561600 0 0 0 0 0 0 0 0
882 1561600 0 0 0 0 0 0 0 0
883 1561600 0 0 0 0 0 0 0 0
884 48800 0 0 0 0 0 0 0 0
885 48800 50 50 0 0 0 0 0 0
886 48800 0 0 0 0 0 0 0 0
887 48800 0 0 0 0 0 0 0 0
888 50 0 0 0 0 0 0 0 0
890 50 0 0 0 0 0 0 0 0
891 50 0 0 0 0 0 0 0 0
896 7100 0 0 0 0 0 0 0 0
897 7100 0 0 0 0 0 0 0 0
898 3550 0 0 3550 3550 3550 0 0 0
899 3550 0 0 3550 0 0 0 0 0
900 3550 0 0 3550 3550 3550 0 0 0
901 3550 2 2 3550 0 0 0 0 0
902 3550 0 0 0 0 0 0 0 0
903 3550 0 0 0 0 0 0 0 0
904 3550 0 0 0 0 0 3550 3550 3550
905 3550 0 0 0 0 0 3550 0 0
906 3550 0 0 0 0 0 3550 3550 3550
907 3550 0 0 0 0 0 3550 0 0
908 3550 0 0 0 0 0 0 0 0
909 3550 0 0 0 0 0 0 0 0
910 3550 0 0 0 0 0 0 0 0
914 50 0 0 50 0 0 0 0 0
915 50 0 0 50 50 50 0 0 0
916 50 0 0 50 0 0 0 0 0
917 50 2 2 50 50 50 0 0 0
919 50 0 0 0 0 0 50 0 0
920 50 0 0 0 0 0 50 50 50
921 50 0 0 0 0 0 50 0 0
922 50 0 0 0 0 0 50 50 50
923 100 0 0 50 50 50 0 0 0
fn=__mempcpy_avx_unaligned_erms
294 849 2 2 0 0 0 0 0 0
295 849 0 0 0 0 0 0 0 0
296 849 0 0 0 0 0 0 0 0
297 849 0 0 0 0 0 0 0 0
fn=memcpy
212 37 2 2 0 0 0 0 0 0
213 37 0 0 0 0 0 0 0 0
219 87 0 0 0 0 0 0 0 0
220 87 0 0 0 0 0 0 0 0
222 37 0 0 37 2 1 0 0 0
223 37 1 1 0 0 0 0 0 0
224 37 0 0 0 0 0 0 0 0
226 18 0 0 18 0 0 0 0 0
227 18 0 0 0 0 0 18 5 5
228 18 0 0 0 0 0 18 1 1
230 18 0 0 18 0 0 0 0 0
360 50 1 1 0 0 0 0 0 0
361 50 0 0 0 0 0 0 0 0
363 15 0 0 0 0 0 0 0 0
367 15 0 0 0 0 0 0 0 0
368 10 0 0 0 0 0 0 0 0
369 10 0 0 0 0 0 0 0 0
370 3 0 0 3 2 2 0 0 0
371 3 0 0 0 0 0 0 0 0
372 2 0 0 2 0 0 0 0 0
373 2 0 0 0 0 0 2 1 1
375 3 0 0 0 0 0 3 1 1
377 10 0 0 10 0 0 0 0 0
383 5 0 0 5 0 0 0 0 0
384 5 0 0 5 0 0 0 0 0
385 5 0 0 0 0 0 5 0 0
386 5 0 0 0 0 0 5 0 0
387 5 0 0 5 0 0 0 0 0
416 35 1 1 35 0 0 0 0 0
417 35 0 0 35 0 0 0 0 0
418 35 0 0 0 0 0 35 8 8
419 35 0 0 0 0 0 35 2 2
420 35 0 0 35 0 0 0 0 0
427 18 1 1 18 0 0 0 0 0
428 18 0 0 18 0 0 0 0 0
429 18 0 0 0 0 0 18 4 4
430 18 0 0 0 0 0 18 3 3
431 18 0 0 0 0 0 18 4 4
432 18 0 0 0 0 0 18 0 0
433 18 0 0 18 0 0 0 0 0
444 19 2 2 0 0 0 0 0 0
445 19 0 0 0 0 0 0 0 0
447 18 0 0 18 0 0 0 0 0
448 18 0 0 0 0 0 0 0 0
449 18 0 0 0 0 0 0 0 0
469 1 1 1 0 0 0 0 0 0
470 1 0 0 0 0 0 0 0 0
474 1 0 0 0 0 0 0 0 0
476 1 0 0 0 0 0 0 0 0
492 1 0 0 0 0 0 0 0 0
495 1 0 0 0 0 0 0 0 0
497 1 0 0 0 0 0 0 0 0
499 1 0 0 0 0 0 0 0 0
503 1 0 0 0 0 0 0 0 0
504 1 0 0 0 0 0 0 0 0
513 1 0 0 1 1 1 0 0 0
514 1 1 1 1 1 1 0 0 0
516 1 0 0 0 0 0 0 0 0
518 1 0 0 0 0 0 0 0 0
519 1 0 0 1 0 0 0 0 0
520 1 0 0 1 0 0 0 0 0
523 1 0 0 0 0 0 0 0 0
525 1 0 0 0 0 0 0 0 0
527 1 0 0 0 0 0 0 0 0
529 1 0 0 0 0 0 0 0 0
535 3 0 0 3 0 0 0 0 0
536 3 0 0 3 0 0 0 0 0
537 3 0 0 3 0 0 0 0 0
538 3 0 0 3 2 2 0 0 0
539 3 0 0 0 0 0 0 0 0
540 3 0 0 0 0 0 3 1 1
541 3 0 0 0 0 0 3 0 0
542 3 0 0 0 0 0 3 0 0
543 3 1 1 0 0 0 3 3 3
544 3 0 0 0 0 0 0 0 0
545 3 0 0 0 0 0 0 0 0
546 3 0 0 0 0 0 0 0 0
548 1 0 0 0 0 0 1 1 1
549 1 0 0 0 0 0 1 0 0
550 1 0 0 0 0 0 1 0 0
551 1 0 0 0 0 0 1 0 0
553 1 0 0 0 0 0 1 0 0
557 1 0 0 1 0 0 0 0 0
fn=mempcpy
199 50 0 0 0 0 0 0 0 0
200 50 0 0 0 0 0 0 0 0
201 50 0 0 0 0 0 0 0 0
202 50 0 0 0 0 0 0 0 0
fl=./string/../sysdeps/x86_64/multiarch/memmove.c
fn=memmove
29 3 1 1 0 0 0 0 0 0
fl=./string/../sysdeps/x86_64/multiarch/mempcpy.c
fn=mempcpy
33 1 1 1 0 0 0 0 0 0
fl=./string/../sysdeps/x86_64/multiarch/memrchr.c
fn=memrchr
29 3 2 2 1 0 0 0 0 0
fl=./string/../sysdeps/x86_64/multiarch/memset-vec-unaligned-erms.S
fn=__memset_avx2_unaligned_erms
181 1 1 1 0 0 0 0 0 0
182 3 0 0 0 0 0 0 0 0
187 1 0 0 0 0 0 0 0 0
188 1 0 0 0 0 0 0 0 0
337 2 1 1 1 0 0 0 0 0
365 1 1 1 0 0 0 0 0 0
366 1 0 0 0 0 0 0 0 0
368 1 0 0 0 0 0 0 0 0
369 1 0 0 0 0 0 0 0 0
370 1 0 0 0 0 0 0 0 0
371 1 0 0 0 0 0 0 0 0
372 1 0 0 0 0 0 0 0 0
373 1 0 0 0 0 0 0 0 0
374 1 0 0 0 0 0 0 0 0
375 1 0 0 0 0 0 0 0 0
fn=memset
125 13 1 1 0 0 0 0 0 0
126 65 0 0 0 0 0 0 0 0
132 13 0 0 0 0 0 0 0 0
133 13 1 1 0 0 0 0 0 0
134 12 0 0 0 0 0 0 0 0
135 12 0 0 0 0 0 0 0 0
137 2 0 0 0 0 0 2 2 2
138 2 0 0 0 0 0 2 0 0
139 2 0 0 2 0 0 0 0 0
204 4 0 0 0 0 0 4 0 0
205 4 0 0 0 0 0 4 0 0
207 4 0 0 4 0 0 0 0 0
283 10 0 0 0 0 0 10 6 6
284 10 0 0 0 0 0 10 2 2
289 10 0 0 0 0 0 0 0 0
292 10 0 0 0 0 0 0 0 0
293 10 0 0 0 0 0 0 0 0
296 6 0 0 0 0 0 6 1 1
297 6 0 0 0 0 0 6 4 4
310 6 0 0 0 0 0 0 0 0
311 6 0 0 0 0 0 0 0 0
313 6 0 0 0 0 0 0 0 0
316 5 2 1 0 0 0 0 0 0
319 10 0 0 0 0 0 0 0 0
322 97 0 0 0 0 0 97 89 89
323 97 0 0 0 0 0 97 0 0
324 97 0 0 0 0 0 97 4 4
325 97 0 0 0 0 0 97 0 0
326 97 0 0 0 0 0 0 0 0
327 97 0 0 0 0 0 0 0 0
328 97 0 0 0 0 0 0 0 0
331 6 0 0 0 0 0 6 2 2
332 6 0 0 0 0 0 6 0 0
333 6 0 0 0 0 0 6 0 0
334 6 0 0 0 0 0 6 1 1
339 6 0 0 6 0 0 0 0 0
368 1 1 1 0 0 0 0 0 0
369 1 0 0 0 0 0 0 0 0
370 1 0 0 0 0 0 0 0 0
402 1 0 0 0 0 0 1 1 1
403 1 0 0 0 0 0 1 0 0
404 1 0 0 1 0 0 0 0 0
fl=./string/../sysdeps/x86_64/multiarch/memset.c
fn=memset
29 1 1 1 0 0 0 0 0 0
fl=./string/../sysdeps/x86_64/multiarch/rawmemchr.c
fn=rawmemchr
31 2 1 1 1 0 0 0 0 0
fl=./string/../sysdeps/x86_64/multiarch/stpcpy.c
fn=stpcpy
33 3 1 1 1 0 0 0 0 0
fl=./string/../sysdeps/x86_64/multiarch/stpncpy.c
fn=stpncpy
31 3 2 2 1 0 0 0 0 0
fl=./string/../sysdeps/x86_64/multiarch/strcasecmp.c
fn=strcasecmp
31 2 0 0 1 0 0 0 0 0
fl=./string/../sysdeps/x86_64/multiarch/strcasecmp_l.c
fn=strcasecmp_l
31 2 1 1 1 0 0 0 0 0
fl=./string/../sysdeps/x86_64/multiarch/strcat.c
fn=strcat
29 3 1 1 1 0 0 0 0 0
fl=./string/../sysdeps/x86_64/multiarch/strchr-avx2.S
fn=__strchrnul_avx2
51 100 1 1 0 0 0 0 0 0
53 100 0 0 0 0 0 0 0 0
54 100 0 0 0 0 0 0 0 0
55 100 0 0 0 0 0 0 0 0
56 100 0 0 0 0 0 0 0 0
57 100 0 0 0 0 0 0 0 0
60 100 0 0 0 0 0 0 0 0
61 100 0 0 0 0 0 0 0 0
65 100 0 0 100 0 0 0 0 0
66 100 0 0 0 0 0 0 0 0
67 100 0 0 0 0 0 0 0 0
68 100 0 0 0 0 0 0 0 0
69 100 0 0 0 0 0 0 0 0
70 100 0 0 0 0 0 0 0 0
71 100 0 0 0 0 0 0 0 0
72 100 1 1 0 0 0 0 0 0
78 100 0 0 0 0 0 0 0 0
79 200 0 0 100 0 0 0 0 0
fl=./string/../sysdeps/x86_64/multiarch/strchr.c
fn=index
40 2 1 1 0 0 0 0 0 0
41 4 0 0 2 0 0 0 0 0
42 3 0 0 1 0 0 0 0 0
44 2 0 0 0 0 0 0 0 0
45 2 0 0 0 0 0 0 0 0
48 3 0 0 0 0 0 0 0 0
51 3 0 0 0 0 0 0 0 0
61 3 1 1 1 0 0 0 0 0
fl=./string/../sysdeps/x86_64/multiarch/strchrnul.c
fn=strchrnul
31 3 1 1 1 0 0 0 0 0
fl=./string/../sysdeps/x86_64/multiarch/strcmp.c
fn=strcmp
41 4 0 0 2 0 0 0 0 0
42 3 1 1 1 0 0 0 0 0
44 2 0 0 0 0 0 0 0 0
49 3 0 0 0 0 0 0 0 0
52 3 1 1 0 0 0 0 0 0
65 2 1 1 1 0 0 0 0 0
fl=./string/../sysdeps/x86_64/multiarch/strcpy.c
fn=strcpy
29 3 1 1 1 0 0 0 0 0
fl=./string/../sysdeps/x86_64/multiarch/strcspn.c
fn=strcspn
29 2 1 1 1 0 0 0 0 0
fl=./string/../sysdeps/x86_64/multiarch/strlen-avx2.S
fn=__strlen_avx2
50 152 0 0 0 0 0 0 0 0
63 152 0 0 0 0 0 0 0 0
64 152 0 0 0 0 0 0 0 0
65 152 0 0 0 0 0 0 0 0
68 152 0 0 0 0 0 0 0 0
70 152 0 0 0 0 0 0 0 0
71 152 0 0 0 0 0 0 0 0
74 152 51 51 152 65 64 0 0 0
75 152 0 0 0 0 0 0 0 0
83 152 0 0 0 0 0 0 0 0
84 152 0 0 0 0 0 0 0 0
85 152 0 0 0 0 0 0 0 0
90 304 0 0 152 0 0 0 0 0
fl=./string/../sysdeps/x86_64/multiarch/strlen-vec.S
fn=strlen
41 36 1 1 0 0 0 0 0 0
85 36 0 0 0 0 0 0 0 0
86 36 0 0 0 0 0 0 0 0
87 36 0 0 0 0 0 0 0 0
88 36 0 0 0 0 0 0 0 0
89 36 0 0 0 0 0 0 0 0
90 36 0 0 0 0 0 0 0 0
91 36 0 0 0 0 0 0 0 0
93 36 0 0 0 0 0 0 0 0
95 36 0 0 0 0 0 0 0 0
126 36 0 0 36 3 3 0 0 0
127 36 0 0 0 0 0 0 0 0
128 36 0 0 0 0 0 0 0 0
129 36 0 0 0 0 0 0 0 0
130 36 0 0 0 0 0 0 0 0
131 18 0 0 0 0 0 0 0 0
133 18 0 0 18 0 0 0 0 0
137 18 1 1 0 0 0 0 0 0
138 18 0 0 18 0 0 0 0 0
139 18 0 0 18 0 0 0 0 0
140 18 0 0 18 3 3 0 0 0
141 18 0 0 0 0 0 0 0 0
142 18 0 0 0 0 0 0 0 0
143 18 0 0 0 0 0 0 0 0
144 18 0 0 0 0 0 0 0 0
145 18 0 0 0 0 0 0 0 0
146 18 0 0 0 0 0 0 0 0
147 18 0 0 0 0 0 0 0 0
148 18 0 0 0 0 0 0 0 0
153 144 1 1 18 0 0 0 0 0
fl=./string/../sysdeps/x86_64/multiarch/strlen.c
fn=strlen
29 6 1 1 2 0 0 0 0 0
fl=./string/../sysdeps/x86_64/multiarch/strncase.c
fn=strncasecmp
31 2 1 1 1 0 0 0 0 0
fl=./string/../sysdeps/x86_64/multiarch/strncase_l.c
fn=strncasecmp_l
31 2 2 2 1 0 0 0 0 0
fl=./string/../sysdeps/x86_64/multiarch/strncmp.c
fn=strncmp
41 4 1 1 2 0 0 0 0 0
42 3 0 0 1 0 0 0 0 0
44 2 0 0 0 0 0 0 0 0
49 3 0 0 0 0 0 0 0 0
52 3 0 0 0 0 0 0 0 0
66 2 2 2 1 0 0 0 0 0
fl=./string/../sysdeps/x86_64/multiarch/strncpy.c
fn=strncpy
29 3 1 1 1 0 0 0 0 0
fl=./string/../sysdeps/x86_64/multiarch/strnlen.c
fn=strnlen
31 6 2 2 2 0 0 0 0 0
fl=./string/../sysdeps/x86_64/multiarch/strpbrk.c
fn=strpbrk
29 2 1 1 1 0 0 0 0 0
fl=./string/../sysdeps/x86_64/multiarch/strrchr-avx2.S
fn=__strrchr_avx2
46 1 1 1 0 0 0 0 0 0
47 1 0 0 0 0 0 0 0 0
48 1 0 0 0 0 0 0 0 0
50 1 0 0 0 0 0 0 0 0
51 1 0 0 0 0 0 0 0 0
54 1 0 0 0 0 0 0 0 0
55 1 0 0 0 0 0 0 0 0
56 1 0 0 0 0 0 0 0 0
58 1 0 0 1 1 0 0 0 0
59 1 0 0 0 0 0 0 0 0
60 1 0 0 0 0 0 0 0 0
61 1 0 0 0 0 0 0 0 0
62 1 0 0 0 0 0 0 0 0
63 1 1 1 0 0 0 0 0 0
65 1 0 0 0 0 0 0 0 0
66 1 0 0 0 0 0 0 0 0
78 1 0 0 0 0 0 0 0 0
79 1 0 0 0 0 0 0 0 0
219 1 1 1 0 0 0 0 0 0
220 1 0 0 0 0 0 0 0 0
221 1 0 0 0 0 0 0 0 0
222 1 0 0 0 0 0 0 0 0
223 1 0 0 0 0 0 0 0 0
225 1 0 0 0 0 0 0 0 0
226 1 0 0 0 0 0 0 0 0
227 1 0 0 0 0 0 0 0 0
228 2 1 1 1 0 0 0 0 0
fl=./string/../sysdeps/x86_64/multiarch/strrchr.c
fn=rindex
28 3 1 1 1 0 0 0 0 0
fl=./string/../sysdeps/x86_64/multiarch/strspn.c
fn=strspn
29 2 1 1 1 0 0 0 0 0
fl=./string/../sysdeps/x86_64/strcmp.S
fn=strcmp
108 2774 1 1 0 0 0 0 0 0
141 2774 0 0 0 0 0 0 0 0
142 2774 0 0 0 0 0 0 0 0
144 2774 0 0 0 0 0 0 0 0
145 2774 0 0 0 0 0 0 0 0
166 2774 0 0 0 0 0 0 0 0
167 2774 0 0 0 0 0 0 0 0
168 2570 0 0 0 0 0 0 0 0
169 2570 0 0 0 0 0 0 0 0
170 2458 0 0 2458 101 52 0 0 0
171 2458 3 3 2458 23 17 0 0 0
172 2458 0 0 2458 0 0 0 0 0
173 2458 0 0 2458 0 0 0 0 0
194 2458 0 0 0 0 0 0 0 0
195 2458 0 0 0 0 0 0 0 0
196 2458 0 0 0 0 0 0 0 0
197 2458 0 0 0 0 0 0 0 0
198 2458 0 0 0 0 0 0 0 0
199 2458 0 0 0 0 0 0 0 0
200 2458 0 0 0 0 0 0 0 0
205 52 0 0 0 0 0 0 0 0
206 156 0 0 0 0 0 0 0 0
215 368 3 2 0 0 0 0 0 0
216 368 0 0 0 0 0 0 0 0
217 368 0 0 0 0 0 0 0 0
218 368 0 0 0 0 0 0 0 0
219 368 0 0 0 0 0 0 0 0
220 368 0 0 0 0 0 0 0 0
221 368 0 0 0 0 0 0 0 0
222 368 0 0 0 0 0 0 0 0
223 246 0 0 0 0 0 0 0 0
224 142 0 0 0 0 0 0 0 0
225 142 0 0 0 0 0 0 0 0
226 142 0 0 0 0 0 0 0 0
228 246 0 0 0 0 0 0 0 0
229 246 0 0 0 0 0 0 0 0
230 246 0 0 0 0 0 0 0 0
231 246 0 0 246 14 5 0 0 0
232 246 0 0 0 0 0 0 0 0
233 246 0 0 0 0 0 0 0 0
243 122 3 2 122 16 6 0 0 0
244 122 0 0 0 0 0 0 0 0
245 122 0 0 0 0 0 0 0 0
247 122 0 0 122 6 2 0 0 0
253 122 0 0 0 0 0 0 0 0
254 122 0 0 0 0 0 0 0 0
255 122 0 0 0 0 0 0 0 0
256 122 0 0 0 0 0 0 0 0
257 122 0 0 0 0 0 0 0 0
262 122 0 0 0 0 0 0 0 0
264 106 0 0 0 0 0 0 0 0
265 106 0 0 0 0 0 0 0 0
266 212 0 0 0 0 0 0 0 0
274 125 3 2 125 12 2 0 0 0
275 125 0 0 125 4 4 0 0 0
278 125 0 0 0 0 0 0 0 0
279 125 0 0 0 0 0 0 0 0
280 125 0 0 0 0 0 0 0 0
281 125 0 0 0 0 0 0 0 0
282 125 0 0 0 0 0 0 0 0
283 125 0 0 0 0 0 0 0 0
289 31 0 0 0 0 0 0 0 0
290 31 0 0 31 0 0 0 0 0
291 31 0 0 31 0 0 0 0 0
294 31 0 0 0 0 0 0 0 0
295 31 0 0 0 0 0 0 0 0
296 31 0 0 0 0 0 0 0 0
297 31 1 1 0 0 0 0 0 0
298 31 0 0 0 0 0 0 0 0
299 31 0 0 0 0 0 0 0 0
304 19 0 0 0 0 0 0 0 0
305 19 0 0 0 0 0 0 0 0
444 2 1 1 0 0 0 0 0 0
445 2 0 0 2 0 0 0 0 0
446 2 0 0 2 1 0 0 0 0
447 2 0 0 0 0 0 0 0 0
448 2 0 0 0 0 0 0 0 0
450 2 0 0 0 0 0 0 0 0
451 2 0 0 0 0 0 0 0 0
452 2 1 1 0 0 0 0 0 0
453 2 0 0 0 0 0 0 0 0
454 2 0 0 0 0 0 0 0 0
455 2 0 0 0 0 0 0 0 0
456 2 0 0 0 0 0 0 0 0
457 2 0 0 2 0 0 0 0 0
460 2 0 0 0 0 0 0 0 0
461 2 0 0 0 0 0 0 0 0
462 2 0 0 0 0 0 0 0 0
468 2 0 0 0 0 0 0 0 0
469 2 0 0 0 0 0 0 0 0
470 4 0 0 0 0 0 0 0 0
474 2 1 1 0 0 0 0 0 0
475 2 0 0 0 0 0 0 0 0
478 2 0 0 2 1 0 0 0 0
479 2 0 0 2 1 0 0 0 0
480 2 0 0 0 0 0 0 0 0
483 2 0 0 0 0 0 0 0 0
484 2 0 0 0 0 0 0 0 0
485 2 0 0 0 0 0 0 0 0
491 2 0 0 0 0 0 0 0 0
492 2 0 0 0 0 0 0 0 0
493 2 0 0 0 0 0 0 0 0
494 2 0 0 0 0 0 0 0 0
495 2 0 0 0 0 0 0 0 0
496 2 1 1 0 0 0 0 0 0
503 1 0 0 0 0 0 0 0 0
504 1 0 0 0 0 0 0 0 0
506 1 0 0 0 0 0 0 0 0
507 1 0 0 0 0 0 0 0 0
509 1 0 0 1 0 0 0 0 0
510 1 0 0 1 0 0 0 0 0
511 1 0 0 0 0 0 0 0 0
514 1 0 0 0 0 0 0 0 0
515 1 0 0 0 0 0 0 0 0
516 1 0 0 0 0 0 0 0 0
522 1 0 0 0 0 0 0 0 0
523 1 0 0 0 0 0 0 0 0
524 1 0 0 0 0 0 0 0 0
525 1 0 0 0 0 0 0 0 0
526 1 1 1 0 0 0 0 0 0
527 1 0 0 0 0 0 0 0 0
568 1 1 1 0 0 0 0 0 0
569 1 0 0 1 0 0 0 0 0
570 1 0 0 1 1 0 0 0 0
571 1 0 0 0 0 0 0 0 0
572 1 0 0 0 0 0 0 0 0
574 1 0 0 0 0 0 0 0 0
575 1 0 0 0 0 0 0 0 0
576 1 1 1 0 0 0 0 0 0
577 1 0 0 0 0 0 0 0 0
578 1 0 0 0 0 0 0 0 0
579 1 0 0 0 0 0 0 0 0
580 1 0 0 0 0 0 0 0 0
581 1 0 0 1 0 0 0 0 0
585 1 0 0 0 0 0 0 0 0
586 1 0 0 0 0 0 0 0 0
587 1 0 0 0 0 0 0 0 0
593 1 0 0 0 0 0 0 0 0
594 1 0 0 0 0 0 0 0 0
595 2 0 0 0 0 0 0 0 0
599 1 1 1 0 0 0 0 0 0
600 1 0 0 0 0 0 0 0 0
603 1 0 0 1 0 0 0 0 0
604 1 0 0 1 1 1 0 0 0
605 1 0 0 0 0 0 0 0 0
608 1 0 0 0 0 0 0 0 0
609 1 0 0 0 0 0 0 0 0
610 1 0 0 0 0 0 0 0 0
616 1 0 0 0 0 0 0 0 0
617 1 0 0 0 0 0 0 0 0
618 1 0 0 0 0 0 0 0 0
619 1 0 0 0 0 0 0 0 0
620 1 0 0 0 0 0 0 0 0
621 1 1 1 0 0 0 0 0 0
693 2 2 2 0 0 0 0 0 0
694 2 0 0 2 2 2 0 0 0
695 2 0 0 2 0 0 0 0 0
696 2 0 0 0 0 0 0 0 0
697 2 0 0 0 0 0 0 0 0
699 2 0 0 0 0 0 0 0 0
700 2 0 0 0 0 0 0 0 0
701 2 2 2 0 0 0 0 0 0
702 2 0 0 0 0 0 0 0 0
703 2 0 0 0 0 0 0 0 0
704 2 0 0 0 0 0 0 0 0
705 2 0 0 0 0 0 0 0 0
706 2 0 0 2 0 0 0 0 0
710 2 0 0 0 0 0 0 0 0
711 2 0 0 0 0 0 0 0 0
712 2 0 0 0 0 0 0 0 0
718 2 0 0 0 0 0 0 0 0
719 2 0 0 0 0 0 0 0 0
720 4 0 0 0 0 0 0 0 0
724 2 2 2 0 0 0 0 0 0
725 2 0 0 0 0 0 0 0 0
728 2 0 0 2 0 0 0 0 0
729 2 0 0 2 1 1 0 0 0
730 2 0 0 0 0 0 0 0 0
733 2 0 0 0 0 0 0 0 0
734 2 0 0 0 0 0 0 0 0
735 2 0 0 0 0 0 0 0 0
741 2 0 0 0 0 0 0 0 0
742 2 0 0 0 0 0 0 0 0
743 2 0 0 0 0 0 0 0 0
744 2 0 0 0 0 0 0 0 0
745 2 0 0 0 0 0 0 0 0
746 2 2 2 0 0 0 0 0 0
818 9 1 1 0 0 0 0 0 0
819 9 0 0 9 0 0 0 0 0
820 9 0 0 9 0 0 0 0 0
821 9 0 0 0 0 0 0 0 0
822 9 0 0 0 0 0 0 0 0
824 9 0 0 0 0 0 0 0 0
825 9 0 0 0 0 0 0 0 0
826 9 1 1 0 0 0 0 0 0
827 9 0 0 0 0 0 0 0 0
828 9 0 0 0 0 0 0 0 0
829 9 0 0 0 0 0 0 0 0
830 9 0 0 0 0 0 0 0 0
831 2 0 0 2 0 0 0 0 0
835 2 0 0 0 0 0 0 0 0
836 2 0 0 0 0 0 0 0 0
837 2 0 0 0 0 0 0 0 0
843 2 0 0 0 0 0 0 0 0
844 2 0 0 0 0 0 0 0 0
845 4 0 0 0 0 0 0 0 0
849 4 1 1 0 0 0 0 0 0
850 4 0 0 0 0 0 0 0 0
853 4 0 0 4 0 0 0 0 0
854 4 0 0 4 0 0 0 0 0
855 4 0 0 0 0 0 0 0 0
858 4 0 0 0 0 0 0 0 0
859 4 0 0 0 0 0 0 0 0
860 4 0 0 0 0 0 0 0 0
866 4 0 0 0 0 0 0 0 0
867 4 0 0 0 0 0 0 0 0
868 4 0 0 0 0 0 0 0 0
869 4 0 0 0 0 0 0 0 0
870 4 0 0 0 0 0 0 0 0
871 4 1 1 0 0 0 0 0 0
878 3 0 0 0 0 0 0 0 0
879 3 0 0 0 0 0 0 0 0
881 3 0 0 0 0 0 0 0 0
882 3 0 0 0 0 0 0 0 0
884 3 0 0 3 0 0 0 0 0
885 3 0 0 3 0 0 0 0 0
886 3 0 0 0 0 0 0 0 0
889 3 0 0 0 0 0 0 0 0
890 3 0 0 0 0 0 0 0 0
891 3 0 0 0 0 0 0 0 0
897 3 0 0 0 0 0 0 0 0
898 3 0 0 0 0 0 0 0 0
899 3 0 0 0 0 0 0 0 0
900 3 0 0 0 0 0 0 0 0
901 3 1 1 0 0 0 0 0 0
902 3 0 0 0 0 0 0 0 0
909 2 0 0 0 0 0 0 0 0
910 2 0 0 0 0 0 0 0 0
911 2 0 0 0 0 0 0 0 0
943 4 2 1 0 0 0 0 0 0
944 4 0 0 4 0 0 0 0 0
945 4 0 0 4 2 2 0 0 0
946 4 0 0 0 0 0 0 0 0
947 4 0 0 0 0 0 0 0 0
949 4 0 0 0 0 0 0 0 0
950 4 0 0 0 0 0 0 0 0
951 4 2 1 0 0 0 0 0 0
952 4 0 0 0 0 0 0 0 0
953 4 0 0 0 0 0 0 0 0
954 4 0 0 0 0 0 0 0 0
955 4 0 0 0 0 0 0 0 0
956 4 0 0 4 0 0 0 0 0
960 4 0 0 0 0 0 0 0 0
961 4 0 0 0 0 0 0 0 0
962 4 0 0 0 0 0 0 0 0
968 4 0 0 0 0 0 0 0 0
969 4 0 0 0 0 0 0 0 0
970 8 0 0 0 0 0 0 0 0
974 4 2 1 0 0 0 0 0 0
975 4 0 0 0 0 0 0 0 0
978 4 0 0 4 1 1 0 0 0
979 4 0 0 4 0 0 0 0 0
980 4 0 0 0 0 0 0 0 0
983 4 0 0 0 0 0 0 0 0
984 4 0 0 0 0 0 0 0 0
985 4 0 0 0 0 0 0 0 0
991 4 0 0 0 0 0 0 0 0
992 4 0 0 0 0 0 0 0 0
993 4 0 0 0 0 0 0 0 0
994 4 0 0 0 0 0 0 0 0
995 4 0 0 0 0 0 0 0 0
996 4 2 1 0 0 0 0 0 0
1068 14 2 1 0 0 0 0 0 0
1069 14 0 0 14 2 2 0 0 0
1070 14 0 0 14 0 0 0 0 0
1071 14 0 0 0 0 0 0 0 0
1072 14 0 0 0 0 0 0 0 0
1074 14 0 0 0 0 0 0 0 0
1075 14 0 0 0 0 0 0 0 0
1076 14 1 1 0 0 0 0 0 0
1077 14 0 0 0 0 0 0 0 0
1078 14 0 0 0 0 0 0 0 0
1079 14 0 0 0 0 0 0 0 0
1080 14 0 0 0 0 0 0 0 0
1081 5 0 0 5 0 0 0 0 0
1085 5 0 0 0 0 0 0 0 0
1086 5 0 0 0 0 0 0 0 0
1087 5 0 0 0 0 0 0 0 0
1093 5 0 0 0 0 0 0 0 0
1094 5 0 0 0 0 0 0 0 0
1095 10 0 0 0 0 0 0 0 0
1099 5 1 1 0 0 0 0 0 0
1100 5 0 0 0 0 0 0 0 0
1103 5 0 0 5 0 0 0 0 0
1104 5 0 0 5 1 1 0 0 0
1105 5 0 0 0 0 0 0 0 0
1108 5 0 0 0 0 0 0 0 0
1109 5 0 0 0 0 0 0 0 0
1110 5 0 0 0 0 0 0 0 0
1116 5 0 0 0 0 0 0 0 0
1117 5 0 0 0 0 0 0 0 0
1118 5 0 0 0 0 0 0 0 0
1119 5 0 0 0 0 0 0 0 0
1120 5 0 0 0 0 0 0 0 0
1121 5 1 1 0 0 0 0 0 0
1128 1 0 0 0 0 0 0 0 0
1129 1 0 0 0 0 0 0 0 0
1131 1 0 0 0 0 0 0 0 0
1132 1 0 0 0 0 0 0 0 0
1134 1 0 0 1 0 0 0 0 0
1135 1 0 0 1 0 0 0 0 0
1136 1 0 0 0 0 0 0 0 0
1139 1 0 0 0 0 0 0 0 0
1140 1 0 0 0 0 0 0 0 0
1141 1 0 0 0 0 0 0 0 0
1147 1 0 0 0 0 0 0 0 0
1148 1 0 0 0 0 0 0 0 0
1149 1 0 0 0 0 0 0 0 0
1150 1 0 0 0 0 0 0 0 0
1151 1 1 1 0 0 0 0 0 0
1152 1 0 0 0 0 0 0 0 0
1193 2 1 1 0 0 0 0 0 0
1194 2 0 0 2 0 0 0 0 0
1195 2 0 0 2 0 0 0 0 0
1196 2 0 0 0 0 0 0 0 0
1197 2 0 0 0 0 0 0 0 0
1199 2 0 0 0 0 0 0 0 0
1200 2 0 0 0 0 0 0 0 0
1201 2 1 1 0 0 0 0 0 0
1202 2 0 0 0 0 0 0 0 0
1203 2 0 0 0 0 0 0 0 0
1204 2 0 0 0 0 0 0 0 0
1205 2 0 0 0 0 0 0 0 0
1318 39 1 1 0 0 0 0 0 0
1319 39 0 0 39 2 2 0 0 0
1320 39 0 0 39 1 0 0 0 0
1321 39 0 0 0 0 0 0 0 0
1322 39 0 0 0 0 0 0 0 0
1324 39 0 0 0 0 0 0 0 0
1325 39 0 0 0 0 0 0 0 0
1326 39 1 1 0 0 0 0 0 0
1327 39 0 0 0 0 0 0 0 0
1328 39 0 0 0 0 0 0 0 0
1329 39 0 0 0 0 0 0 0 0
1330 39 0 0 0 0 0 0 0 0
1331 11 0 0 11 0 0 0 0 0
1335 11 0 0 0 0 0 0 0 0
1336 11 0 0 0 0 0 0 0 0
1337 11 0 0 0 0 0 0 0 0
1343 11 0 0 0 0 0 0 0 0
1344 11 0 0 0 0 0 0 0 0
1345 22 0 0 0 0 0 0 0 0
1349 11 1 1 0 0 0 0 0 0
1350 11 0 0 0 0 0 0 0 0
1353 10 0 0 10 1 1 0 0 0
1354 10 0 0 10 2 2 0 0 0
1355 10 0 0 0 0 0 0 0 0
1358 10 0 0 0 0 0 0 0 0
1359 10 0 0 0 0 0 0 0 0
1360 10 0 0 0 0 0 0 0 0
1366 10 0 0 0 0 0 0 0 0
1367 10 0 0 0 0 0 0 0 0
1368 10 0 0 0 0 0 0 0 0
1369 10 0 0 0 0 0 0 0 0
1370 10 0 0 0 0 0 0 0 0
1371 10 1 1 0 0 0 0 0 0
1415 1 1 1 0 0 0 0 0 0
1416 1 0 0 0 0 0 0 0 0
1417 1 0 0 0 0 0 0 0 0
1418 1 0 0 0 0 0 0 0 0
1431 1 0 0 1 0 0 0 0 0
1432 1 0 0 0 0 0 0 0 0
1433 1 0 0 0 0 0 0 0 0
1434 1 0 0 0 0 0 0 0 0
1443 7 2 2 0 0 0 0 0 0
1444 7 0 0 7 1 1 0 0 0
1445 7 0 0 7 1 1 0 0 0
1446 7 0 0 0 0 0 0 0 0
1447 7 0 0 0 0 0 0 0 0
1449 7 0 0 0 0 0 0 0 0
1450 7 0 0 0 0 0 0 0 0
1451 7 2 2 0 0 0 0 0 0
1452 7 0 0 0 0 0 0 0 0
1453 7 0 0 0 0 0 0 0 0
1454 7 0 0 0 0 0 0 0 0
1455 7 0 0 0 0 0 0 0 0
1456 5 0 0 5 0 0 0 0 0
1460 5 0 0 0 0 0 0 0 0
1461 5 0 0 0 0 0 0 0 0
1462 5 0 0 0 0 0 0 0 0
1468 5 0 0 0 0 0 0 0 0
1469 5 0 0 0 0 0 0 0 0
1470 10 0 0 0 0 0 0 0 0
1474 5 2 2 0 0 0 0 0 0
1475 5 0 0 0 0 0 0 0 0
1478 5 0 0 5 2 2 0 0 0
1479 5 0 0 5 2 2 0 0 0
1480 5 0 0 0 0 0 0 0 0
1483 5 0 0 0 0 0 0 0 0
1484 5 0 0 0 0 0 0 0 0
1485 5 0 0 0 0 0 0 0 0
1491 5 0 0 0 0 0 0 0 0
1492 5 0 0 0 0 0 0 0 0
1493 5 0 0 0 0 0 0 0 0
1494 5 0 0 0 0 0 0 0 0
1495 5 0 0 0 0 0 0 0 0
1496 5 2 2 0 0 0 0 0 0
1568 21 2 1 0 0 0 0 0 0
1569 21 0 0 21 1 1 0 0 0
1570 21 0 0 21 5 5 0 0 0
1571 21 0 0 0 0 0 0 0 0
1572 21 0 0 0 0 0 0 0 0
1574 21 0 0 0 0 0 0 0 0
1575 21 0 0 0 0 0 0 0 0
1576 21 3 1 0 0 0 0 0 0
1577 21 0 0 0 0 0 0 0 0
1578 21 0 0 0 0 0 0 0 0
1579 21 0 0 0 0 0 0 0 0
1580 21 0 0 0 0 0 0 0 0
1581 12 0 0 12 0 0 0 0 0
1585 12 0 0 0 0 0 0 0 0
1586 12 0 0 0 0 0 0 0 0
1587 12 0 0 0 0 0 0 0 0
1593 12 0 0 0 0 0 0 0 0
1594 12 0 0 0 0 0 0 0 0
1595 24 0 0 0 0 0 0 0 0
1599 14 1 1 0 0 0 0 0 0
1600 14 0 0 0 0 0 0 0 0
1603 14 0 0 14 5 5 0 0 0
1604 14 0 0 14 1 1 0 0 0
1605 14 0 0 0 0 0 0 0 0
1608 14 0 0 0 0 0 0 0 0
1609 14 0 0 0 0 0 0 0 0
1610 14 0 0 0 0 0 0 0 0
1616 14 0 0 0 0 0 0 0 0
1617 14 0 0 0 0 0 0 0 0
1618 14 0 0 0 0 0 0 0 0
1619 14 0 0 0 0 0 0 0 0
1620 14 0 0 0 0 0 0 0 0
1621 14 2 1 0 0 0 0 0 0
1628 5 0 0 0 0 0 0 0 0
1629 5 0 0 0 0 0 0 0 0
1631 5 0 0 0 0 0 0 0 0
1632 5 0 0 0 0 0 0 0 0
1634 5 0 0 5 0 0 0 0 0
1635 5 0 0 5 0 0 0 0 0
1636 5 0 0 0 0 0 0 0 0
1639 5 0 0 0 0 0 0 0 0
1640 5 0 0 0 0 0 0 0 0
1641 5 0 0 0 0 0 0 0 0
1647 5 0 0 0 0 0 0 0 0
1648 5 0 0 0 0 0 0 0 0
1649 5 0 0 0 0 0 0 0 0
1650 5 0 0 0 0 0 0 0 0
1651 5 1 1 0 0 0 0 0 0
1652 5 0 0 0 0 0 0 0 0
1659 2 0 0 0 0 0 0 0 0
1660 2 0 0 0 0 0 0 0 0
1661 2 0 0 0 0 0 0 0 0
1693 18 1 1 0 0 0 0 0 0
1694 18 0 0 18 2 1 0 0 0
1695 18 0 0 18 5 3 0 0 0
1696 18 0 0 0 0 0 0 0 0
1697 18 0 0 0 0 0 0 0 0
1699 18 0 0 0 0 0 0 0 0
1700 18 0 0 0 0 0 0 0 0
1701 18 1 1 0 0 0 0 0 0
1702 18 0 0 0 0 0 0 0 0
1703 18 0 0 0 0 0 0 0 0
1704 18 0 0 0 0 0 0 0 0
1705 18 0 0 0 0 0 0 0 0
1706 9 0 0 9 0 0 0 0 0
1710 9 0 0 0 0 0 0 0 0
1711 9 0 0 0 0 0 0 0 0
1712 9 0 0 0 0 0 0 0 0
1718 9 0 0 0 0 0 0 0 0
1719 9 0 0 0 0 0 0 0 0
1720 18 0 0 0 0 0 0 0 0
1724 9 2 1 0 0 0 0 0 0
1725 9 0 0 0 0 0 0 0 0
1728 9 0 0 9 4 2 0 0 0
1729 9 0 0 9 2 2 0 0 0
1730 9 0 0 0 0 0 0 0 0
1733 9 0 0 0 0 0 0 0 0
1734 9 0 0 0 0 0 0 0 0
1735 9 0 0 0 0 0 0 0 0
1741 9 0 0 0 0 0 0 0 0
1742 9 0 0 0 0 0 0 0 0
1743 9 0 0 0 0 0 0 0 0
1744 9 0 0 0 0 0 0 0 0
1745 9 0 0 0 0 0 0 0 0
1746 9 1 1 0 0 0 0 0 0
1753 1 0 0 0 0 0 0 0 0
1754 1 0 0 0 0 0 0 0 0
1756 1 0 0 0 0 0 0 0 0
1757 1 0 0 0 0 0 0 0 0
1759 1 0 0 1 1 1 0 0 0
1760 1 0 0 1 0 0 0 0 0
1761 1 0 0 0 0 0 0 0 0
1764 1 0 0 0 0 0 0 0 0
1765 1 0 0 0 0 0 0 0 0
1766 1 0 0 0 0 0 0 0 0
1772 1 0 0 0 0 0 0 0 0
1773 1 0 0 0 0 0 0 0 0
1774 1 0 0 0 0 0 0 0 0
1775 1 0 0 0 0 0 0 0 0
1776 1 1 1 0 0 0 0 0 0
1777 1 0 0 0 0 0 0 0 0
1818 24 3 1 0 0 0 0 0 0
1819 24 0 0 24 2 2 0 0 0
1820 24 0 0 24 2 0 0 0 0
1821 24 0 0 0 0 0 0 0 0
1822 24 0 0 0 0 0 0 0 0
1824 24 0 0 0 0 0 0 0 0
1825 24 0 0 0 0 0 0 0 0
1826 24 3 1 0 0 0 0 0 0
1827 24 0 0 0 0 0 0 0 0
1828 24 0 0 0 0 0 0 0 0
1829 24 0 0 0 0 0 0 0 0
1830 24 0 0 0 0 0 0 0 0
1831 4 0 0 4 0 0 0 0 0
1835 4 0 0 0 0 0 0 0 0
1836 4 0 0 0 0 0 0 0 0
1837 4 0 0 0 0 0 0 0 0
1843 4 0 0 0 0 0 0 0 0
1844 4 0 0 0 0 0 0 0 0
1845 8 0 0 0 0 0 0 0 0
1849 4 1 1 0 0 0 0 0 0
1850 4 0 0 0 0 0 0 0 0
1853 4 0 0 4 1 0 0 0 0
1854 4 0 0 4 0 0 0 0 0
1855 4 0 0 0 0 0 0 0 0
1858 4 0 0 0 0 0 0 0 0
1859 4 0 0 0 0 0 0 0 0
1860 4 0 0 0 0 0 0 0 0
1866 4 0 0 0 0 0 0 0 0
1867 4 0 0 0 0 0 0 0 0
1868 4 0 0 0 0 0 0 0 0
1869 4 0 0 0 0 0 0 0 0
1870 4 0 0 0 0 0 0 0 0
1871 4 1 1 0 0 0 0 0 0
1878 2 0 0 0 0 0 0 0 0
1879 2 0 0 0 0 0 0 0 0
1881 2 0 0 0 0 0 0 0 0
1882 2 0 0 0 0 0 0 0 0
1884 2 0 0 2 0 0 0 0 0
1885 2 0 0 2 0 0 0 0 0
1886 2 0 0 0 0 0 0 0 0
1889 2 0 0 0 0 0 0 0 0
1890 2 0 0 0 0 0 0 0 0
1891 2 0 0 0 0 0 0 0 0
1897 2 0 0 0 0 0 0 0 0
1898 2 0 0 0 0 0 0 0 0
1899 2 0 0 0 0 0 0 0 0
1900 2 0 0 0 0 0 0 0 0
1901 2 1 1 0 0 0 0 0 0
1902 2 0 0 0 0 0 0 0 0
1943 17 1 1 0 0 0 0 0 0
1944 17 0 0 17 3 1 0 0 0
1945 17 0 0 17 5 1 0 0 0
1946 17 0 0 0 0 0 0 0 0
1947 17 0 0 0 0 0 0 0 0
1949 17 0 0 0 0 0 0 0 0
1950 17 0 0 0 0 0 0 0 0
1951 17 2 1 0 0 0 0 0 0
1952 17 0 0 0 0 0 0 0 0
1953 17 0 0 0 0 0 0 0 0
1954 17 0 0 0 0 0 0 0 0
1955 17 0 0 0 0 0 0 0 0
1956 8 0 0 8 0 0 0 0 0
1960 8 0 0 0 0 0 0 0 0
1961 8 0 0 0 0 0 0 0 0
1962 8 0 0 0 0 0 0 0 0
1968 8 0 0 0 0 0 0 0 0
1969 8 0 0 0 0 0 0 0 0
1970 16 0 0 0 0 0 0 0 0
1974 9 3 1 0 0 0 0 0 0
1975 9 0 0 0 0 0 0 0 0
1978 9 0 0 9 1 0 0 0 0
1979 9 0 0 9 3 2 0 0 0
1980 9 0 0 0 0 0 0 0 0
1983 9 0 0 0 0 0 0 0 0
1984 9 0 0 0 0 0 0 0 0
1985 9 0 0 0 0 0 0 0 0
1991 9 0 0 0 0 0 0 0 0
1992 9 0 0 0 0 0 0 0 0
1993 9 0 0 0 0 0 0 0 0
1994 9 0 0 0 0 0 0 0 0
1995 9 0 0 0 0 0 0 0 0
1996 9 2 1 0 0 0 0 0 0
2003 2 0 0 0 0 0 0 0 0
2004 2 0 0 0 0 0 0 0 0
2006 2 0 0 0 0 0 0 0 0
2007 2 0 0 0 0 0 0 0 0
2009 2 0 0 2 1 0 0 0 0
2010 2 0 0 2 0 0 0 0 0
2011 2 0 0 0 0 0 0 0 0
2014 2 0 0 0 0 0 0 0 0
2015 2 0 0 0 0 0 0 0 0
2016 2 0 0 0 0 0 0 0 0
2022 2 0 0 0 0 0 0 0 0
2023 2 0 0 0 0 0 0 0 0
2024 2 0 0 0 0 0 0 0 0
2025 2 0 0 0 0 0 0 0 0
2026 2 1 1 0 0 0 0 0 0
2027 2 0 0 0 0 0 0 0 0
2034 1 0 0 0 0 0 0 0 0
2035 1 0 0 0 0 0 0 0 0
2036 1 0 0 0 0 0 0 0 0
2068 86 2 2 0 0 0 0 0 0
2069 86 0 0 86 6 2 0 0 0
2070 86 0 0 86 11 6 0 0 0
2071 86 0 0 0 0 0 0 0 0
2072 86 0 0 0 0 0 0 0 0
2074 86 0 0 0 0 0 0 0 0
2075 86 0 0 0 0 0 0 0 0
2076 86 3 2 0 0 0 0 0 0
2077 86 0 0 0 0 0 0 0 0
2078 86 0 0 0 0 0 0 0 0
2079 86 0 0 0 0 0 0 0 0
2080 86 0 0 0 0 0 0 0 0
2082 36 0 0 36 0 0 0 0 0
2086 36 0 0 0 0 0 0 0 0
2087 36 0 0 0 0 0 0 0 0
2088 36 0 0 0 0 0 0 0 0
2094 36 0 0 0 0 0 0 0 0
2095 36 0 0 0 0 0 0 0 0
2097 72 0 0 0 0 0 0 0 0
2101 36 2 2 0 0 0 0 0 0
2102 36 0 0 0 0 0 0 0 0
2105 36 0 0 36 8 5 0 0 0
2106 36 0 0 36 4 2 0 0 0
2107 36 0 0 0 0 0 0 0 0
2110 36 0 0 0 0 0 0 0 0
2111 36 0 0 0 0 0 0 0 0
2112 36 0 0 0 0 0 0 0 0
2118 36 0 0 0 0 0 0 0 0
2119 36 0 0 0 0 0 0 0 0
2120 36 0 0 0 0 0 0 0 0
2121 36 0 0 0 0 0 0 0 0
2122 36 0 0 0 0 0 0 0 0
2123 36 2 2 0 0 0 0 0 0
2130 1 0 0 0 0 0 0 0 0
2131 1 0 0 0 0 0 0 0 0
2133 1 0 0 0 0 0 0 0 0
2134 1 0 0 0 0 0 0 0 0
2136 1 0 0 1 0 0 0 0 0
2137 1 0 0 1 0 0 0 0 0
2138 1 0 0 0 0 0 0 0 0
2141 1 0 0 0 0 0 0 0 0
2142 1 0 0 0 0 0 0 0 0
2143 1 0 0 0 0 0 0 0 0
2149 1 0 0 0 0 0 0 0 0
2150 1 0 0 0 0 0 0 0 0
2151 1 0 0 0 0 0 0 0 0
2152 1 0 0 0 0 0 0 0 0
2153 1 1 1 0 0 0 0 0 0
2154 1 0 0 0 0 0 0 0 0
2190 1 0 0 0 0 0 0 0 0
2191 1 0 0 0 0 0 0 0 0
2192 1 0 0 0 0 0 0 0 0
2193 2 0 0 0 0 0 0 0 0
2197 207 0 0 0 0 0 0 0 0
2199 368 1 1 0 0 0 0 0 0
2200 368 0 0 0 0 0 0 0 0
2201 368 0 0 0 0 0 0 0 0
2202 368 0 0 0 0 0 0 0 0
2203 284 0 0 0 0 0 0 0 0
2208 2774 1 1 0 0 0 0 0 0
2214 2774 0 0 2774 0 0 0 0 0
2215 2774 0 0 2774 0 0 0 0 0
2223 2774 0 0 0 0 0 0 0 0
2224 2774 0 0 2774 0 0 0 0 0
fl=./string/../sysdeps/x86_64/strcspn.S
fn=strcspn
25 1 1 1 0 0 0 0 0 0
27 1 0 0 0 0 0 0 0 0
34 1 0 0 0 0 0 0 0 0
35 1 1 1 0 0 0 0 0 0
37 1 0 0 0 0 0 0 0 0
38 1 0 0 0 0 0 0 0 0
39 1 0 0 0 0 0 0 0 0
40 1 0 0 0 0 0 0 0 0
41 33 0 0 0 0 0 32 4 4
44 3 0 0 0 0 0 0 0 0
51 1 0 0 1 1 1 0 0 0
52 1 0 0 0 0 0 0 0 0
53 1 0 0 0 0 0 0 0 0
54 1 0 0 0 0 0 1 0 0
56 1 0 0 1 0 0 0 0 0
57 1 0 0 0 0 0 0 0 0
58 1 0 0 0 0 0 0 0 0
59 1 0 0 0 0 0 1 0 0
61 1 0 0 1 0 0 0 0 0
62 1 0 0 0 0 0 0 0 0
63 1 0 0 0 0 0 0 0 0
72 3 1 1 0 0 0 0 0 0
84 13 0 0 0 0 0 0 0 0
86 13 0 0 13 0 0 0 0 0
87 13 0 0 13 0 0 0 0 0
88 13 0 0 0 0 0 0 0 0
90 13 0 0 13 0 0 0 0 0
91 13 0 0 13 0 0 0 0 0
92 13 0 0 0 0 0 0 0 0
94 13 0 0 13 0 0 0 0 0
95 13 0 0 13 0 0 0 0 0
96 13 0 0 0 0 0 0 0 0
98 13 0 0 13 1 1 0 0 0
99 13 0 0 13 0 0 0 0 0
100 13 0 0 0 0 0 0 0 0
102 1 0 0 0 0 0 0 0 0
103 1 0 0 0 0 0 0 0 0
104 1 0 0 0 0 0 0 0 0
106 1 0 0 0 0 0 0 0 0
113 1 0 0 0 0 0 0 0 0
117 1 0 0 1 0 0 0 0 0
fl=./string/./string/strdup.c
fn=strdup
40 35 1 1 0 0 0 14 0 0
41 14 0 0 0 0 0 7 0 0
44 14 0 0 0 0 0 0 0 0
47 28 0 0 0 0 0 0 0 0
48 21 0 0 14 0 0 0 0 0
fl=./time/../sysdeps/unix/sysv/linux/clock_gettime.c
fn=clock_gettime@@GLIBC_2.17
30 100 1 1 0 0 0 0 0 0
38 200 0 0 200 199 199 0 0 0
40 200 0 0 0 0 0 0 0 0
44 100 0 0 0 0 0 0 0 0
68 200 1 1 0 0 0 0 0 0
69 200 0 0 0 0 0 0 0 0
86 100 0 0 100 0 0 0 0 0
fl=./wcsmbs/../sysdeps/x86_64/multiarch/ifunc-avx2.h
fn=wcschr
32 4 0 0 0 0 0 0 0 0
33 10 1 1 4 0 0 0 0 0
34 6 0 0 2 0 0 0 0 0
36 4 0 0 0 0 0 0 0 0
37 4 0 0 0 0 0 0 0 0
40 6 0 0 0 0 0 0 0 0
43 8 0 0 0 0 0 0 0 0
fn=wcscmp
32 2 0 0 0 0 0 0 0 0
33 5 1 1 2 0 0 0 0 0
34 3 0 0 1 0 0 0 0 0
36 2 0 0 0 0 0 0 0 0
37 2 0 0 0 0 0 0 0 0
40 3 0 0 0 0 0 0 0 0
43 4 0 0 0 0 0 0 0 0
fl=./wcsmbs/../sysdeps/x86_64/multiarch/ifunc-evex.h
fn=wmemchr
34 4 0 0 0 0 0 0 0 0
35 10 1 1 4 0 0 0 0 0
36 6 0 0 2 0 0 0 0 0
38 4 0 0 0 0 0 0 0 0
39 4 1 1 0 0 0 0 0 0
41 4 0 0 0 0 0 0 0 0
47 6 0 0 0 0 0 0 0 0
50 8 0 0 0 0 0 0 0 0
fl=./wcsmbs/../sysdeps/x86_64/multiarch/ifunc-memcmp.h
fn=wmemcmp
34 4 0 0 2 0 0 0 0 0
35 3 0 0 1 0 0 0 0 0
36 2 1 1 0 0 0 0 0 0
37 3 0 0 1 0 0 0 0 0
39 2 0 0 0 0 0 0 0 0
40 2 0 0 0 0 0 0 0 0
43 3 0 0 0 0 0 0 0 0
46 3 0 0 0 0 0 0 0 0
fl=./wcsmbs/../sysdeps/x86_64/multiarch/ifunc-wcslen.h
fn=wcslen
33 2 0 0 0 0 0 0 0 0
34 4 0 0 2 0 0 0 0 0
35 3 1 1 1 0 0 0 0 0
37 2 0 0 0 0 0 0 0 0
38 2 0 0 0 0 0 0 0 0
41 3 0 0 0 0 0 0 0 0
44 3 0 0 0 0 0 0 0 0
fn=wcsnlen
33 2 0 0 0 0 0 0 0 0
34 4 0 0 2 0 0 0 0 0
35 3 1 1 1 0 0 0 0 0
37 2 0 0 0 0 0 0 0 0
38 2 0 0 0 0 0 0 0 0
41 3 0 0 0 0 0 0 0 0
44 3 0 0 0 0 0 0 0 0
fl=./wcsmbs/../sysdeps/x86_64/multiarch/ifunc-wmemset.h
fn=wmemset
33 10 0 0 4 0 0 0 0 0
34 6 0 0 2 0 0 0 0 0
36 4 0 0 0 0 0 0 0 0
44 6 0 0 0 0 0 0 0 0
47 8 1 1 0 0 0 0 0 0
fl=./wcsmbs/../sysdeps/x86_64/multiarch/wcschr.c
fn=wcschr
31 6 2 2 2 0 0 0 0 0
fl=./wcsmbs/../sysdeps/x86_64/multiarch/wcscmp.c
fn=wcscmp
30 3 1 1 1 0 0 0 0 0
fl=./wcsmbs/../sysdeps/x86_64/multiarch/wcscpy.c
fn=wcscpy
37 5 1 1 2 0 0 0 0 0
43 2 0 0 1 0 0 0 0 0
fl=./wcsmbs/../sysdeps/x86_64/multiarch/wcslen.c
fn=wcslen
29 3 1 1 1 0 0 0 0 0
fl=./wcsmbs/../sysdeps/x86_64/multiarch/wcsnlen.c
fn=wcsnlen
29 3 2 2 1 0 0 0 0 0
fl=./wcsmbs/../sysdeps/x86_64/multiarch/wmemchr.c
fn=wmemchr
31 4 1 1 2 0 0 0 0 0
fl=./wcsmbs/../sysdeps/x86_64/multiarch/wmemcmp.c
fn=wmemcmp
29 3 2 2 1 0 0 0 0 0
fl=./wcsmbs/../sysdeps/x86_64/multiarch/wmemset.c
fn=wmemset
31 4 1 1 2 0 0 0 0 0
fl=./wcsmbs/./wcsmbs/btowc.c
fn=btowc
32 3584 2 2 256 0 0 1280 0 0
37 1792 1 1 0 0 0 0 0 0
42 512 0 0 0 0 0 0 0 0
46 384 0 0 384 1 0 0 0 0
47 256 0 0 256 2 0 0 0 0
49 256 0 0 128 1 0 0 0 0
54 512 0 0 128 0 0 0 0 0
57 640 0 0 128 0 0 256 0 0
98 2304 1 1 1792 0 0 0 0 0
fl=./wcsmbs/./wcsmbs/wctob.c
fn=wctob
30 1664 2 2 128 0 0 512 0 0
39 384 0 0 0 0 0 0 0 0
44 256 0 0 0 0 0 0 0 0
45 128 0 0 0 0 0 0 0 0
81 1024 1 1 768 0 0 0 0 0
fl=./wcsmbs/./wcsmbsload.h
fn=btowc
69 384 0 0 128 1 0 0 0 0
71 384 1 1 0 0 0 0 0 0
72 128 0 0 0 0 0 0 0 0
fl=./wctype/./wctype/wctype_l.c
fn=wctype_l
26 100 1 1 0 0 0 60 0 0
29 20 0 0 0 0 0 10 0 0
32 20 0 0 20 1 0 0 0 0
33 68 0 0 0 0 0 0 0 0
35 174 1 1 0 0 0 58 0 0
37 410 0 0 0 0 0 49 0 0
40 48 0 0 0 0 0 0 0 0
41 96 0 0 48 0 0 0 0 0
45 10 0 0 10 1 0 0 0 0
46 10 0 0 10 2 0 0 0 0
47 80 0 0 70 0 0 0 0 0
fl=/mnt/c/Users/elias/OneDrive/Documents/3_Anno_Università/Programmazione/Programmi/C++/Parallelismo/main.cpp
fn=NextGeneration(std::vector<int, std::allocator<int> > const&, std::vector<int, std::allocator<int> >&, int, int&) [clone ._omp_fn.0]
15 181800 2 2 40400 5050 5050 50500 0 0
18 40400 2 2 5050 0 0 5050 0 0
20 7809587650 54 54 171528300 0 0 0 0 0
34 21017266750 5 5 20482502050 1262505050 1262505050 30269700 0 0
39 2547348000 2 2 4875058600 0 0 0 0 0
41 2633494200 4 4 10100000 10100 10100 10100000 0 0
45 15270795050 1 1 10094950 0 0 10094950 0 0
47 12632554800 50 50 0 0 0 2542654800 1261242550 1261242550
51 10100 0 0 5050 0 0 5050 0 0
fn=_GLOBAL__sub_I__Z14NextGenerationRKSt6vectorIiSaIiEERS1_iRi
132 3 1 1 1 0 0 1 0 0
fn=main
15 40400 1 1 5050 0 0 15150 5100 5100
58 13 2 2 1 0 0 7 0 0
59 2 0 0 0 0 0 1 0 0
60 5 0 0 0 0 0 1 0 0
66 6 1 1 0 0 0 2 0 0
69 2 0 0 0 0 0 0 0 0
71 5 0 0 1 1 0 1 0 0
72 4 1 1 1 0 0 1 0 0
73 4 1 1 1 0 0 1 0 0
74 1 0 0 1 0 0 0 0 0
79 2 0 0 1 0 0 1 0 0
86 12 1 1 0 0 0 4 0 0
87 6 1 1 0 0 0 2 1 0
88 6 0 0 0 0 0 2 1 0
89 10004 2 2 3 1 0 2 0 0
91 15972012 0 0 0 0 0 0 0 0
93 27944028 0 0 0 0 0 7984008 3992004 196918
96 204 1 1 151 0 0 1 0 0
100 200 50 50 50 50 50 50 0 0
102 250 0 0 0 0 0 100 0 0
105 10150 0 0 0 0 0 0 0 0
111 50 0 0 0 0 0 50 0 0
121 400 1 1 0 0 0 100 0 0
122 200 0 0 0 0 0 50 0 0
124 200 0 0 50 50 50 50 0 0
132 12 1 1 9 1 1 0 0 0
fl=/usr/include/c++/11/bits/basic_ios.h
fn=main
49 700 1 1 0 0 0 0 0 0
fl=/usr/include/c++/11/bits/basic_string.h
fn=main
195 5 1 1 5 0 0 0 0 0
239 13 1 1 0 0 0 0 0 0
1459 5 0 0 2 0 0 1 0 0
6536 250 1 1 100 50 50 50 0 0
6620 22 1 1 6 0 0 5 0 0
fn=std::__cxx11::basic_string<char, std::char_traits<char>, std::allocator<char> >::basic_string<std::allocator<char> >(char const*, std::allocator<char> const&)
165 5 0 0 0 0 0 5 0 0
191 5 0 0 0 0 0 5 0 0
195 4 0 0 4 0 0 0 0 0
201 5 0 0 0 0 0 0 0 0
356 10 0 0 0 0 0 0 0 0
533 45 2 2 5 0 0 25 0 0
536 15 0 0 0 0 0 0 0 0
540 45 0 0 35 0 0 0 0 0
fl=/usr/include/c++/11/bits/basic_string.tcc
fn=std::__cxx11::basic_string<char, std::char_traits<char>, std::allocator<char> >::basic_string<std::allocator<char> >(char const*, std::allocator<char> const&)
215 5 0 0 0 0 0 5 0 0
217 10 0 0 0 0 0 0 0 0
232 4 0 0 4 0 0 0 0 0
fl=/usr/include/c++/11/bits/char_traits.h
fn=main
399 3 0 0 0 0 0 1 0 0
fn=std::__cxx11::basic_string<char, std::char_traits<char>, std::allocator<char> >::basic_string<std::allocator<char> >(char const*, std::allocator<char> const&)
357 7 0 0 1 0 0 6 0 0
399 20 0 0 0 0 0 5 0 0
431 12 1 1 0 0 0 0 0 0
437 20 1 1 0 0 0 4 0 0
fl=/usr/include/c++/11/bits/locale_facets.h
fn=main
877 700 1 1 350 99 99 0 0 0
fl=/usr/include/c++/11/bits/stl_algobase.h
fn=main
430 150 50 50 100 0 0 0 0 0
431 250 0 0 50 0 0 50 0 0
fn=std::vector<int, std::allocator<int> >::vector(unsigned long, int const&, std::allocator<int> const&)
922 3 0 0 3 0 0 0 0 0
923 4500066 3 3 0 0 0 0 0 0
924 1500000 0 0 0 0 0 1500000 750000 750000
fl=/usr/include/c++/11/bits/stl_vector.h
fn=NextGeneration(std::vector<int, std::allocator<int> > const&, std::vector<int, std::allocator<int> >&, int, int&) [clone ._omp_fn.0]
1046 30527250 6 6 10115150 0 0 75750 0 0
1061 50449500 50 50 30269700 0 0 0 0 0
1064 121083850 0 0 5050 0 0 20179800 0 0
fn=main
111 20200 0 0 10100 10100 10100 10100 0 0
113 20200 50 50 10100 0 0 10100 0 0
336 6 1 1 3 0 0 0 0 0
353 7 0 0 1 0 0 0 0 0
680 4 1 1 3 1 0 1 1 1
919 155 0 0 52 1 0 2 0 0
1000 150 2 2 100 0 0 0 0 0
fn=std::vector<int, std::allocator<int> >::vector(unsigned long, int const&, std::allocator<int> const&)
98 12 0 0 0 0 0 6 0 0
346 6 0 0 0 0 0 0 0 0
361 9 0 0 0 0 0 3 0 0
363 6 0 0 0 0 0 3 0 0
522 21 1 1 0 0 0 12 0 0
525 18 0 0 15 3 0 0 0 0
1595 3 1 1 0 0 0 3 3 0
1769 9 0 0 0 0 0 0 0 0
fl=/usr/include/c++/11/bits/vector.tcc
fn=main
224 100 0 0 50 0 0 0 0 0
236 150 0 0 50 0 0 0 0 0
250 200 0 0 50 50 50 50 0 0
fl=/usr/include/c++/11/chrono
fn=main
227 200 50 50 50 50 50 0 0 0
666 50 0 0 0 0 0 0 0 0
fl=/usr/include/c++/11/ext/new_allocator.h
fn=main
145 3 0 0 0 0 0 3 0 0
fn=std::vector<int, std::allocator<int> >::vector(unsigned long, int const&, std::allocator<int> const&)
127 15 1 1 0 0 0 3 2 0
fl=/usr/include/c++/11/ext/string_conversions.h
fn=int __gnu_cxx::__stoa<long, int, char, int>(long (*)(char const*, char**, int), char const*, char const*, unsigned long*, int)
54 48 2 2 3 0 0 24 0 0
63 12 0 0 3 0 0 6 0 0
64 9 0 0 0 0 0 3 0 0
76 6 0 0 0 0 0 0 0 0
80 12 0 0 0 0 0 3 0 0
82 9 0 0 3 0 0 0 0 0
84 3 0 0 3 0 0 0 0 0
85 12 1 1 0 0 0 0 0 0
90 6 0 0 0 0 0 0 0 0
93 3 0 0 0 0 0 0 0 0
94 33 0 0 27 0 0 0 0 0
fl=/usr/include/c++/11/iostream
fn=_GLOBAL__sub_I__Z14NextGenerationRKSt6vectorIiSaIiEERS1_iRi
74 7 1 0 1 1 0 1 0 0
fl=/usr/include/c++/11/ostream
fn=main
221 200 1 1 0 0 0 50 0 0
616 1801 1 1 0 0 0 450 0 0
685 2450 3 3 1400 99 99 350 0 0
707 450 0 0 100 0 0 350 0 0
fl=???
fn=(below main)
0 12 1 1 2 1 0 3 0 0
fn=???
0 9943494 1010 996 4575771 88239 88098 599953 51147 51128
fn=GOMP_parallel
0 191900 101 101 35350 20200 20200 40400 0 0
fn=__cpu_indicator_init
0 367 34 34 47 4 2 13 0 0
fn=__cxa_get_globals
0 14 1 1 2 0 0 2 0 0
fn=__gnu_cxx::stdio_sync_filebuf<char, std::char_traits<char> >::overflow(int)
0 2450 1 1 350 0 0 0 0 0
fn=__gnu_cxx::stdio_sync_filebuf<char, std::char_traits<char> >::sync()
0 1065 1 1 355 1 1 0 0 0
fn=__gnu_cxx::stdio_sync_filebuf<char, std::char_traits<char> >::xsputn(char const*, long)
0 4800 2 2 800 100 100 0 0 0
fn=__gnu_cxx::stdio_sync_filebuf<wchar_t, std::char_traits<wchar_t> >::sync()
0 15 0 0 5 2 2 0 0 0
fn=bool std::has_facet<std::ctype<char> >(std::locale const&)
0 12 1 1 4 0 0 0 0 0
fn=bool std::has_facet<std::ctype<wchar_t> >(std::locale const&)
0 12 1 1 4 0 0 0 0 0
fn=bool std::has_facet<std::num_get<char, std::istreambuf_iterator<char, std::char_traits<char> > > >(std::locale const&)
0 12 0 0 4 0 0 0 0 0
fn=bool std::has_facet<std::num_get<wchar_t, std::istreambuf_iterator<wchar_t, std::char_traits<wchar_t> > > >(std::locale const&)
0 12 0 0 4 0 0 0 0 0
fn=bool std::has_facet<std::num_put<char, std::ostreambuf_iterator<char, std::char_traits<char> > > >(std::locale const&)
0 12 1 1 4 0 0 0 0 0
fn=bool std::has_facet<std::num_put<wchar_t, std::ostreambuf_iterator<wchar_t, std::char_traits<wchar_t> > > >(std::locale const&)
0 12 1 1 4 0 0 0 0 0
fn=omp_get_num_threads
0 40400 1 1 20200 0 0 0 0 0
fn=omp_get_thread_num
0 20200 0 0 15150 0 0 0 0 0
fn=omp_set_num_threads
0 14 2 2 4 2 0 3 0 0
fn=operator delete(void*)
0 6 0 0 0 0 0 0 0 0
fn=operator delete(void*, unsigned long)
0 6 1 1 0 0 0 0 0 0
fn=operator new(unsigned long)
0 36 2 2 6 0 0 6 0 0
fn=std::__cxx11::basic_string<char, std::char_traits<char>, std::allocator<char> >::_M_replace(unsigned long, unsigned long, char const*, unsigned long)
0 62 6 6 10 0 0 9 0 0
fn=std::__cxx11::messages<char>::messages(unsigned long)
0 20 2 2 4 0 0 8 1 1
fn=std::__cxx11::messages<wchar_t>::messages(unsigned long)
0 20 1 1 4 0 0 8 0 0
fn=std::__cxx11::moneypunct<char, false>::_M_initialize_moneypunct(__locale_struct*, char const*)
0 113 4 4 38 1 1 31 0 0
fn=std::__cxx11::moneypunct<char, true>::_M_initialize_moneypunct(__locale_struct*, char const*)
0 113 5 5 38 0 0 31 0 0
fn=std::__cxx11::moneypunct<wchar_t, false>::_M_initialize_moneypunct(__locale_struct*, char const*)
0 109 6 6 30 0 0 31 0 0
fn=std::__cxx11::moneypunct<wchar_t, true>::_M_initialize_moneypunct(__locale_struct*, char const*)
0 109 6 6 30 0 0 31 0 0
fn=std::__cxx11::numpunct<char>::_M_initialize_numpunct(__locale_struct*)
0 414 7 7 137 4 2 75 0 0
fn=std::__cxx11::numpunct<wchar_t>::_M_initialize_numpunct(__locale_struct*)
0 350 5 5 74 1 1 74 3 3
fn=std::__num_base::_S_format_float(std::ios_base const&, char*, char)
0 1550 3 3 150 50 50 200 0 0
fn=std::__timepunct<char>::_M_initialize_timepunct(__locale_struct*)
0 149 14 14 6 0 0 29 0 0
fn=std::__timepunct<char>::__timepunct(std::__timepunct_cache<char>*, unsigned long)
0 23 2 2 4 0 0 9 1 1
fn=std::__timepunct<wchar_t>::_M_initialize_timepunct(__locale_struct*)
0 149 14 14 6 0 0 29 0 0
fn=std::__timepunct<wchar_t>::__timepunct(std::__timepunct_cache<wchar_t>*, unsigned long)
0 23 2 2 4 0 0 9 0 0
fn=std::basic_ios<char, std::char_traits<char> >::_M_cache_locale(std::locale const&)
0 124 2 2 12 0 0 44 0 0
fn=std::basic_ios<char, std::char_traits<char> >::init(std::basic_streambuf<char, std::char_traits<char> >*)
0 92 2 2 12 0 0 36 0 0
fn=std::basic_ios<wchar_t, std::char_traits<wchar_t> >::_M_cache_locale(std::locale const&)
0 124 2 2 12 0 0 44 0 0
fn=std::basic_ios<wchar_t, std::char_traits<wchar_t> >::init(std::basic_streambuf<wchar_t, std::char_traits<wchar_t> >*)
0 92 2 2 12 0 0 40 0 0
fn=std::basic_ostream<char, std::char_traits<char> >& std::__ostream_insert<char, std::char_traits<char> >(std::basic_ostream<char, std::char_traits<char> >&, char const*, long)
0 28000 6 6 12000 250 250 6000 100 100
fn=std::basic_ostream<wchar_t, std::char_traits<wchar_t> >::flush()
0 162 4 4 79 10 10 22 0 0
fn=std::basic_ostream<wchar_t, std::char_traits<wchar_t> >::sentry::sentry(std::basic_ostream<wchar_t, std::char_traits<wchar_t> >&)
0 99 3 3 34 1 1 21 0 0
fn=std::chrono::_V2::system_clock::now()
0 1500 2 2 600 0 0 200 0 0
fn=std::codecvt<char, char, __mbstate_t>::codecvt(unsigned long)
0 18 2 2 4 0 0 6 2 2
fn=std::codecvt<wchar_t, char, __mbstate_t>::codecvt(unsigned long)
0 18 2 2 4 0 0 6 1 1
fn=std::ctype<char> const& std::use_facet<std::ctype<char> >(std::locale const&)
0 594 4 4 324 100 100 108 0 0
fn=std::ctype<char>::_M_widen_init() const
0 732 11 11 36 6 6 38 4 4
fn=std::ctype<char>::ctype(unsigned short const*, bool, unsigned long)
0 116 4 4 8 0 0 79 9 9
fn=std::ctype<wchar_t> const& std::use_facet<std::ctype<wchar_t> >(std::locale const&)
0 44 2 2 24 0 0 8 0 0
fn=std::ctype<wchar_t>::_M_convert_to_wmask(unsigned short) const
0 146 7 7 12 0 0 0 0 0
fn=std::ctype<wchar_t>::_M_initialize_ctype()
0 2733 4 4 5 0 0 810 20 20
fn=std::ctype<wchar_t>::ctype(unsigned long)
0 20 2 2 3 0 0 7 1 1
fn=std::error_category::error_category()
0 10 1 1 4 1 0 2 0 0
fn=std::error_category::~error_category()
0 4 0 0 2 0 0 0 0 0
fn=std::future_category()
0 3 1 1 1 0 0 0 0 0
fn=std::ios_base::Init::Init()
0 273 28 28 51 9 1 146 16 3
fn=std::ios_base::Init::~Init()
0 25 3 3 10 8 8 7 0 0
fn=std::ios_base::_M_init()
0 208 3 3 56 1 1 64 0 0
fn=std::ios_base::ios_base()
0 464 3 3 8 0 0 192 31 20
fn=std::locale::_Impl::_Impl(unsigned long)
0 666 55 55 88 22 1 385 50 50
fn=std::locale::_Impl::_M_install_facet(std::locale::id const*, std::locale::facet const*)
0 12128 6 6 3552 0 0 256 0 0
fn=std::locale::facet::_S_create_c_locale(__locale_struct*&, char const*, __locale_struct*)
0 10 2 2 2 0 0 3 0 0
fn=std::locale::facet::_S_get_c_locale()
0 576 3 3 128 50 50 64 0 0
fn=std::locale::facet::_S_get_c_name()
0 21 1 1 7 0 0 0 0 0
fn=std::locale::id::_M_id() const
0 3048 2 2 1016 156 154 96 0 0
fn=std::locale::locale()
0 374 3 3 132 0 0 132 2 1
fn=std::locale::locale(std::locale::_Impl*)
0 3 1 1 1 0 0 1 0 0
fn=std::locale::operator=(std::locale const&)
0 160 3 3 56 0 0 24 0 0
fn=std::locale::~locale()
0 64 1 1 32 0 0 8 0 0
fn=std::messages<char>::messages(unsigned long)
0 20 2 2 4 1 0 8 1 1
fn=std::messages<wchar_t>::messages(unsigned long)
0 20 2 2 4 0 0 8 0 0
fn=std::moneypunct<char, false>::_M_initialize_moneypunct(__locale_struct*, char const*)
0 113 4 4 38 0 0 31 0 0
fn=std::moneypunct<char, true>::_M_initialize_moneypunct(__locale_struct*, char const*)
0 113 5 5 38 0 0 31 0 0
fn=std::moneypunct<wchar_t, false>::_M_initialize_moneypunct(__locale_struct*, char const*)
0 109 5 5 30 0 0 31 0 0
fn=std::moneypunct<wchar_t, true>::_M_initialize_moneypunct(__locale_struct*, char const*)
0 109 6 6 30 0 0 31 0 0
fn=std::num_get<char, std::istreambuf_iterator<char, std::char_traits<char> > > const& std::use_facet<std::num_get<char, std::istreambuf_iterator<char, std::char_traits<char> > > >(std::locale const&)
0 44 1 1 24 0 0 8 0 0
fn=std::num_get<wchar_t, std::istreambuf_iterator<wchar_t, std::char_traits<wchar_t> > > const& std::use_facet<std::num_get<wchar_t, std::istreambuf_iterator<wchar_t, std::char_traits<wchar_t> > > >(std::locale const&)
0 44 1 1 24 0 0 8 0 0
fn=std::num_put<char, std::ostreambuf_iterator<char, std::char_traits<char> > > const& std::use_facet<std::num_put<char, std::ostreambuf_iterator<char, std::char_traits<char> > > >(std::locale const&)
0 44 1 1 24 0 0 8 0 0
fn=std::num_put<char, std::ostreambuf_iterator<char, std::char_traits<char> > >::do_put(std::ostreambuf_iterator<char, std::char_traits<char> >, std::ios_base&, char, double) const
0 200 2 2 0 0 0 0 0 0
fn=std::num_put<char, std::ostreambuf_iterator<char, std::char_traits<char> > >::do_put(std::ostreambuf_iterator<char, std::char_traits<char> >, std::ios_base&, char, long) const
0 750 1 1 0 0 0 0 0 0
fn=std::num_put<wchar_t, std::ostreambuf_iterator<wchar_t, std::char_traits<wchar_t> > > const& std::use_facet<std::num_put<wchar_t, std::ostreambuf_iterator<wchar_t, std::char_traits<wchar_t> > > >(std::locale const&)
0 44 1 1 24 0 0 8 0 0
fn=std::numpunct<char>::_M_initialize_numpunct(__locale_struct*)
0 414 5 5 137 0 0 75 0 0
fn=std::numpunct<wchar_t>::_M_initialize_numpunct(__locale_struct*)
0 350 6 6 74 0 0 74 0 0
fn=std::ostream& std::ostream::_M_insert<double>(double)
0 2850 5 5 1150 50 50 450 0 0
fn=std::ostream& std::ostream::_M_insert<long>(long)
0 14268 7 7 5756 302 302 2253 0 0
fn=std::ostream::flush()
0 13462 4 4 6729 105 105 1772 0 0
fn=std::ostream::operator<<(int)
0 2750 1 1 750 0 0 0 0 0
fn=std::ostream::put(char)
0 14700 5 5 6650 0 0 2100 0 0
fn=std::ostream::sentry::sentry(std::ostream&)
0 34599 3 3 12034 301 301 7521 0 0
fn=std::ostreambuf_iterator<char, std::char_traits<char> > std::num_put<char, std::ostreambuf_iterator<char, std::char_traits<char> > >::_M_insert_float<double>(std::ostreambuf_iterator<char, std::char_traits<char> >, std::ios_base&, char, char, double) const
0 7350 161 161 1600 0 0 1450 0 0
fn=std::ostreambuf_iterator<char, std::char_traits<char> > std::num_put<char, std::ostreambuf_iterator<char, std::char_traits<char> > >::_M_insert_int<long>(std::ostreambuf_iterator<char, std::char_traits<char> >, std::ios_base&, char, long) const
0 23253 8 8 4750 0 0 4500 0 0
fn=std::uncaught_exception()
0 16 1 1 4 1 1 2 0 0
summary: 62479672391 6560 6422 25688770801 1275242855 1275072632 2673252647 1278570152 1274774261
